day,1995,1996,1997,1998,1999,2000,2001,2002,2003,2004,2005,2006,2007,2008,2009,2010,2011,2012,2013,2014,2015,2016,2017,2018,2019,2020,2021,2022,2023,2024,2025
1,,,,,,,,,,,,,,,,,,,,5.313,5.503,6.076,5.912,6.051,6.338,6.083,5.913,4.483,4.992,7.489,7.272
2,,,,,,,,,,,,,,,,,,,,5.264,5.519,5.889,5.632,5.977,6.308,6.088,5.788,4.396,4.779,7.383,5.533
3,,,,,,,,,,,,,,,,,,,,5.183,5.331,5.588,5.234,5.773,6.246,6.054,5.808,4.258,4.504,7.178,6.922
4,,,,,,,,,,,,,,,,,,,,5.068,5.284,5.475,4.919,5.491,6.175,6.029,5.738,4.200,4.479,7.000,6.783
5,,,,,,,,,,,,,,,,,,,,4.783,5.194,5.508,4.544,5.537,6.187,5.900,5.525,4.113,4.521,6.867,6.811
6,,,,,,,,,,,,,,,,,,,,4.568,5.164,5.633,4.440,5.546,6.221,5.746,5.571,3.846,4.308,6.800,6.800
7,,,,,,,,,,,,,,,,,,,,4.550,5.005,5.783,4.197,5.535,6.175,5.604,5.417,3.863,4.208,6.689,6.650
8,,,,,,,,,,,,,,,,,,,,4.372,4.826,5.861,4.113,5.491,6.012,5.596,5.292,3.733,4.129,6.417,6.500
9,,,,,,,,,,,,,,,,,,,,4.278,4.679,5.836,4.111,5.433,5.888,5.463,5.229,3.708,4.017,6.239,6.400
10,,,,,,,,,,,,,,,,,,,,4.234,4.566,5.722,3.843,5.278,5.792,5.225,5.075,3.667,3.896,6.000,6.383
11,,,,,,,,,,,,,,,,,,,,4.256,4.437,5.517,3.285,5.032,5.658,5.167,4.967,3.579,3.725,5.578,6.328
12,,,,,,,,,,,,,,,,,,,,4.286,4.384,5.261,2.868,4.775,5.604,5.117,4.812,3.646,3.512,4.906,6.167
13,,,,,,,,,,,,,,,,,,,,4.179,4.300,5.025,2.746,4.676,5.487,4.754,4.775,3.675,3.404,4.172,5.922
14,,,,,,,,,,,,,,,,,,,,4.121,4.250,,,4.597,5.271,4.292,4.675,3.675,3.479,4.328,5.772
15,,,,,,,,,,,,,,,,,,,,4.061,4.211,4.810,,4.493,4.979,4.167,4.633,3.588,3.375,4.139,5.806
16,,,,,,,,,,,,,,,,,,,,3.894,4.114,,2.460,4.354,4.783,4.063,4.513,3.500,3.250,4.111,5.756
17,,,,,,,,,,,,,,,,,,,,3.706,4.077,,2.313,4.248,4.775,3.883,4.417,5.275,3.208,4.333,5.594
18,,,,,,,,,,,,,,,,,,,,3.543,3.975,,2.200,4.171,4.775,3.883,4.387,3.283,3.125,4.350,5.406
19,,,,,,,,,,,,,,,,,,,,3.419,4.022,4.697,2.169,4.111,4.796,3.900,4.308,3.196,3.017,4.383,5.378
20,,,,,,,,,,,,,,,,,,,,3.380,3.931,4.627,2.303,4.007,4.713,3.971,4.317,3.179,2.979,4.439,5.250
21,,,,,,,,,,,,,,,,,,,,3.306,3.877,4.521,2.333,3.949,4.642,4.042,4.267,3.083,2.779,4.594,5.177
22,,,,,,,,,,,,,,,,,,,,3.271,3.843,4.560,2.333,3.824,4.504,3.975,4.192,2.988,2.612,4.772,5.028
23,,,,,,,,,,,,,,,,,,,,3.274,3.889,4.586,2.316,3.701,4.496,3.983,4.038,2.842,2.533,4.861,5.022
24,,,,,,,,,,,,,,,,,,,,3.291,3.899,4.558,2.278,3.532,4.463,3.996,3.904,2.729,2.554,4.928,4.996
25,,,,,,,,,,,,,,,,,,,,3.228,3.959,4.428,2.292,3.502,4.321,3.992,3.900,2.662,2.600,5.042,4.829
26,,,,,,,,,,,,,,,,,,,,3.167,3.929,4.366,2.345,3.454,4.229,3.967,3.921,2.579,2.575,4.933,4.708
27,,,,,,,,,,,,,,,,,,,,3.119,3.930,4.333,2.326,3.338,4.254,4.013,3.917,2.500,2.537,5.006,4.642
28,,,,,,,,,,,,,,,,,,,,3.172,3.929,4.285,2.333,3.231,4.263,4.000,3.925,2.421,2.517,4.900,4.567
29,,,,,,,,,,,,,,,,,,,,3.102,3.811,4.176,2.301,3.269,4.167,3.988,3.954,2.388,2.325,4.844,4.429
30,,,,,,,,,,,,,,,,,,,,3.094,3.729,4.102,2.248,3.205,4.063,3.963,3.971,2.375,2.137,4.850,
31,,,,,,,,,,,,,,,,,,,,3.119,3.701,4.002,2.144,3.157,4.046,4.000,4.000,2.300,2.054,4.750,
32,,,,,,,,,,,,,,,,,,,,2.959,3.643,3.932,1.933,3.139,4.004,3.983,4.000,2.217,2.058,4.783,
33,,,,,,,,,,,,,,,,,,,,2.798,3.563,3.801,1.736,3.167,3.963,3.988,4.000,2.204,2.000,4.700,
34,,,,,,,,,,,,,,,,,,,,2.647,3.459,3.623,1.657,3.162,3.867,3.763,3.938,2.200,2.088,4.806,
35,,,,,,,,,,,,,,,,,,,,2.608,3.415,3.551,1.701,3.162,3.467,3.671,3.925,2.200,2.096,4.750,
36,,,,,,,,,,,,,,,,,,,,2.444,3.372,3.641,1.727,3.206,2.988,3.600,3.950,2.254,2.150,4.633,
37,,,,,,,,,,,,,,,,,,,,2.187,3.354,3.639,1.662,3.222,2.833,3.517,3.954,2.304,2.233,4.722,
38,,,,,,,,,,,,,,,,,,,,2.259,3.344,3.581,1.616,3.222,2.750,3.500,4.000,2.371,2.333,4.733,
39,,,,,,,,,,,,,,,,,,,,2.190,3.413,3.596,1.539,3.278,2.858,3.546,3.867,2.400,2.358,4.725,
40,,,,,,,,,,,,,,,,,,,,2.050,3.490,3.623,1.551,3.278,2.833,3.500,3.596,2.429,2.417,4.733,
41,,,,,,,,,,,,,,,,,,,,2.000,3.528,3.586,1.692,3.278,2.650,3.471,3.367,2.467,2.392,4.594,
42,,,,,,,,,,,,,,,,,,,,2.098,3.601,3.565,1.722,3.278,2.571,3.483,3.083,2.525,2.371,4.450,
43,,,,,,,,,,,,,,,,,,,,2.290,3.598,3.715,1.762,3.199,2.621,3.475,2.808,2.554,2.333,4.333,
44,,,,,,,,,,,,,,,,,,,,2.483,3.659,3.843,1.771,3.132,2.671,3.408,2.863,2.558,2.329,4.200,
45,,,,,,,,,,,,,,,,,,,,2.598,3.655,3.611,1.720,3.269,2.675,3.400,3.013,2.625,2.471,4.028,
46,,,,,,,,,,,,,,,,,,,,2.634,3.639,3.656,1.773,3.340,2.675,3.371,3.142,2.721,2.454,3.871,
47,,,,,,,,,,,,,,,,,,,,2.570,3.651,3.728,1.836,3.484,2.800,3.375,3.146,2.829,2.492,3.661,
48,,,,,,,,,,,,,,,,,,,,2.618,3.682,3.784,1.919,3.500,2.800,3.354,3.108,2.892,2.550,3.606,
49,,,,,,,,,,,,,,,,,,,,2.674,3.710,3.863,2.021,3.493,2.800,3.333,3.067,2.975,2.642,3.644,
50,,,,,,,,,,,,,,,,,,,,2.603,3.754,3.912,2.100,3.331,2.796,3.275,3.088,3.050,2.663,3.683,
51,,,,,,,,,,,,,,,,,,,,2.598,3.775,3.770,2.190,3.187,2.821,3.150,3.050,3.046,2.733,3.783,
52,,,,,,,,,,,,,,,,,,,,2.617,3.863,3.823,2.278,3.147,2.926,3.117,3.033,3.071,2.863,3.817,
53,,,,,,,,,,,,,,,,,,,,2.548,3.913,3.753,2.338,3.227,2.854,3.162,3.129,2.871,2.800,3.833,
54,,,,,,,,,,,,,,,,,,,,2.533,3.953,3.690,2.389,3.194,2.738,3.250,3.196,2.725,2.450,3.872,
55,,,,,,,,,,,,,,,,,,,,2.556,3.994,3.764,2.396,3.213,2.758,3.225,3.208,2.771,2.250,3.961,
56,,,,,,,,,,,,,,,,,,,,2.574,4.072,3.806,2.398,3.319,2.854,3.217,3.288,2.783,2.288,3.972,
57,,,,,,,,,,,,,,,,,,,,2.578,4.189,3.845,2.472,3.400,2.779,3.283,3.250,2.783,2.354,4.000,
58,,,,,,,,,,,,,,,,,,,,2.652,4.261,3.944,2.542,3.458,2.625,3.250,3.288,2.962,2.367,3.906,
59,,,,,,,,,,,,,,,,,,,,2.714,4.325,3.990,2.563,3.451,2.583,3.242,3.325,2.975,2.304,3.756,
60,,,,,,,,,,,,,,,,,,,,2.677,4.366,4.019,2.667,3.475,2.642,3.383,3.413,3.071,2.425,3.792,
61,,,,,,,,,,,,,,,,,,,,2.540,4.457,4.058,2.799,3.472,2.821,3.363,3.521,3.188,2.521,3.883,
62,,,,,,,,,,,,,,,,,,,,2.381,4.375,3.951,2.843,3.539,2.821,3.425,3.563,3.183,2.608,3.717,
63,,,,,,,,,,,,,,,,,,,,2.439,4.405,4.123,2.896,3.572,2.635,3.583,3.592,3.175,2.742,3.637,
64,,,,,,,,,,,,,,,,,,,,2.611,4.439,4.234,2.956,3.523,2.613,3.708,3.600,3.242,2.800,3.611,
65,,,,,,,,,,,,,,,,,,,,2.754,4.528,4.389,2.926,3.620,2.596,3.745,3.738,3.217,2.783,3.584,
66,,,,,,,,,,,,,,,,,,,,2.728,4.642,4.671,2.850,3.581,2.504,3.779,3.767,3.283,2.817,3.584,
67,,,,,,,,,,,,,,,,,,,,2.725,4.767,4.734,2.759,3.567,2.646,3.842,3.833,3.342,2.942,3.571,
68,,,,,,,,,,,,,,,,,,,,2.863,4.794,4.683,2.894,3.553,2.625,3.891,3.758,3.325,2.996,3.511,
69,,,,,,,,,,,,,,,,,,,,3.075,4.926,4.713,2.912,3.597,2.541,3.854,3.763,3.158,2.908,3.574,
70,,,,,,,,,,,,,,,,,,,,3.211,4.980,4.713,3.063,3.659,2.587,3.921,3.788,3.146,3.004,3.617,
71,,,,,,,,,,,,,,,,,,,,3.201,5.119,4.743,3.029,3.752,2.488,3.992,3.788,3.100,3.143,3.772,
72,,,,,,,,,,,,,,,,,,,,3.262,5.208,4.824,3.046,3.817,2.375,4.137,3.896,3.222,3.188,3.856,
73,,,,,,,,,,,,,,,,,,,,3.370,5.333,4.874,3.194,3.845,2.479,4.067,2.400,3.450,3.267,3.917,
74,,,,,,,,,,,,,,,,,,,,3.451,5.442,4.694,3.160,3.850,2.621,3.879,3.958,3.533,3.304,3.933,
75,,,,,,,,,,,,,,,,,,,,3.370,5.262,4.852,3.206,3.877,2.779,3.596,3.950,3.717,3.400,3.933,
76,,,,,,,,,,,,,,,,,,,,3.396,5.370,4.951,3.285,3.921,2.871,3.646,3.829,3.758,3.433,4.100,
77,,,,,,,,,,,,,,,,,,,,3.275,5.350,5.011,3.308,3.995,3.008,3.800,4.013,3.738,3.433,4.267,
78,,,,,,,,,,,,,,,,,,,,3.278,5.324,5.130,3.389,4.032,3.146,3.975,4.179,3.842,3.533,4.429,
79,,,,,,,,,,,,,,3.389,,,,,,3.147,5.222,5.199,,3.944,3.246,4.108,4.446,3.900,3.617,4.433,
80,,,,,,,,,,,,,,3.460,,,,,,3.086,5.336,5.243,3.349,3.986,3.383,4.254,4.533,3.917,3.679,4.533,
81,,,,,,,,,,,,,,3.537,,,,,,3.069,5.377,5.282,3.333,3.882,3.496,4.458,4.550,3.700,3.754,4.625,
82,,,,,,,,,,,,,,3.605,,,,,,3.106,5.313,5.407,3.442,3.639,3.629,4.587,4.450,4.029,3.938,4.528,
83,,,,,,,,,,,,,,3.606,,,,,,3.169,5.433,5.546,3.644,3.616,3.696,4.700,4.475,4.167,3.950,4.439,
84,,,,,,,,,,,,,,3.667,,,,,,3.196,5.426,5.539,3.778,3.720,3.908,4.750,4.558,4.138,4.075,4.500,
85,,,,,,,,,,,,,,3.717,,,,,,3.268,5.576,5.757,3.935,3.806,3.813,4.700,4.704,4.213,4.088,4.700,
86,,,,,,,,,,,,,,3.762,,,,,,3.369,5.657,5.840,4.213,3.799,3.804,4.858,4.696,4.463,4.142,4.700,
87,,,,,,,,,,,,,4.400,3.764,,,,,,3.318,5.750,5.880,4.433,4.016,4.038,4.988,4.771,4.804,4.183,4.494,
88,,,,,,4.877,3.783,4.337,,,,,4.454,3.778,,,,,,3.340,5.808,5.935,4.625,4.171,4.113,5.042,4.946,4.817,4.275,4.386,
89,,,,,,4.948,3.939,4.502,,,,,4.655,3.694,3.683,,,,,3.516,5.942,5.810,4.713,4.243,4.146,5.163,4.658,4.883,4.363,4.539,
90,,,,,,5.067,4.148,4.671,5.317,,4.667,4.563,4.808,3.773,3.734,,,,5.700,3.558,6.164,6.116,4.794,4.373,4.162,5.321,4.688,5.008,4.500,4.767,
91,,,,,,5.231,4.297,4.958,5.263,5.107,4.771,4.542,4.840,3.917,3.634,,,,5.790,3.798,6.027,6.451,4.970,4.419,4.200,5.258,4.863,4.929,4.500,4.906,
92,,,,,5.313,5.415,4.290,5.208,5.229,5.104,4.873,4.309,4.808,3.940,3.671,,,,5.920,3.933,6.034,6.588,5.074,4.512,4.200,5.258,4.892,5.017,4.500,4.933,
93,,,,,5.350,5.560,4.217,5.044,5.206,5.303,4.850,4.299,4.819,4.123,3.824,,,,5.939,3.957,6.127,6.769,5.123,4.391,4.429,5.229,5.058,5.300,4.500,5.289,
94,,,,,5.390,5.661,4.177,5.014,5.197,5.525,4.870,4.215,4.947,4.338,4.111,,,,5.868,4.150,6.033,6.979,5.120,4.486,4.688,5.300,5.158,5.113,4.313,5.539,
95,,,,,5.400,5.728,4.241,5.079,5.217,5.746,4.928,4.234,5.076,4.347,4.255,,,,5.845,4.286,6.106,7.021,5.187,4.574,4.729,5.404,5.229,5.246,4.500,5.594,
96,,,,6.400,5.479,5.818,4.430,5.130,5.385,5.907,5.075,4.315,5.255,4.468,4.377,,,,6.114,4.521,6.167,6.924,5.303,4.544,4.725,5.413,5.150,5.288,4.500,5.239,
97,,,,6.510,5.492,5.830,4.447,5.200,5.161,6.044,5.285,4.537,5.484,4.699,4.648,,4.628,4.508,6.220,4.675,6.254,6.831,5.465,4.743,4.717,5.629,5.342,5.329,4.500,5.378,
98,,,,6.496,5.760,5.825,4.640,5.331,5.263,6.012,5.565,4.516,5.704,5.088,4.602,,4.778,4.602,6.145,4.783,6.463,6.912,5.488,4.926,4.783,5.758,5.396,5.467,4.500,5.506,
99,,,,6.493,5.871,5.952,4.699,5.458,5.582,6.227,5.688,4.648,5.979,5.014,4.599,,5.002,4.803,6.008,4.919,6.736,7.245,5.544,5.252,4.904,5.938,5.288,5.638,4.500,5.744,
100,,5.867,,6.480,,5.886,4.738,5.688,5.541,6.507,5.787,4.828,5.919,4.995,4.648,,5.213,4.947,6.472,5.061,6.799,7.347,5.595,5.449,4.829,6.038,5.396,5.521,4.500,5.828,
101,,6.050,,6.544,,6.062,4.752,5.583,5.481,6.699,5.993,4.848,6.093,5.097,4.683,,5.400,5.087,6.067,5.268,6.977,7.544,5.735,5.493,4.867,6.317,2.300,5.479,4.556,5.656,
102,,6.283,5.967,6.440,6.192,6.249,4.786,5.333,5.699,7.350,5.863,4.966,6.116,5.257,4.625,,5.537,5.190,6.131,5.319,7.023,7.690,5.822,5.725,4.883,6.392,5.346,5.379,5.054,5.800,
103,,6.117,6.067,6.816,6.291,6.401,4.938,5.586,5.815,7.148,5.718,5.090,6.016,5.454,4.657,,5.655,5.387,6.005,5.300,7.125,7.711,6.012,5.847,4.917,6.463,5.479,5.313,5.138,5.772,
104,,6.267,6.000,6.736,6.491,6.577,5.013,5.759,5.970,7.060,5.817,5.247,6.069,5.755,4.697,,5.641,5.537,6.067,5.415,7.280,7.491,6.188,5.958,4.996,6.513,5.625,5.417,5.258,6.100,
105,6.433,6.267,,6.880,6.642,6.600,5.212,5.491,5.979,6.889,5.796,5.359,6.350,5.979,4.657,,5.751,5.708,6.220,5.558,7.271,7.476,6.315,6.134,4.963,6.417,5.892,5.433,5.425,6.483,
106,6.683,6.283,,6.946,6.800,6.831,5.381,5.375,6.051,6.711,5.738,5.444,6.435,5.748,4.852,,5.949,5.778,6.185,5.669,7.350,7.468,6.380,6.132,5.004,6.621,5.963,5.425,5.450,6.544,
107,6.750,6.433,,7.061,6.896,6.873,5.471,5.190,6.097,6.706,5.766,5.671,6.294,5.838,4.958,,6.192,5.954,6.342,5.757,7.544,7.588,6.560,6.278,5.033,6.479,6.175,5.567,5.425,6.500,
108,6.900,6.683,,7.197,6.996,6.794,5.632,5.199,6.063,6.859,6.037,5.944,,6.175,5.067,,6.184,5.903,6.514,5.844,7.813,7.970,6.738,6.433,5.196,6.267,6.471,5.717,5.400,6.494,
109,6.767,6.733,6.750,7.508,7.030,6.866,5.845,5.303,6.345,7.106,6.400,6.225,,6.512,5.245,7.185,6.232,6.014,6.710,6.020,8.035,8.252,6.840,6.498,5.296,6.363,6.783,5.858,5.583,6.633,
110,6.783,6.767,6.883,7.389,7.160,6.973,5.920,5.403,6.569,7.007,6.532,6.449,,6.471,5.370,7.190,6.324,6.069,6.964,6.269,8.130,8.540,7.042,6.674,5.379,6.583,6.946,5.917,5.625,6.711,
111,7.250,6.783,7.233,7.523,7.181,7.171,6.053,5.627,6.655,7.134,6.669,6.690,,6.127,5.484,7.345,6.302,6.255,7.056,6.389,8.380,8.704,7.192,6.833,5.700,6.933,6.888,6.058,5.671,6.683,
112,7.533,7.033,7.267,7.296,7.327,7.257,6.184,5.785,6.616,7.255,7.252,6.838,,6.100,5.692,7.521,6.417,6.535,7.019,6.536,8.604,8.954,7.317,6.894,6.054,7.167,7.142,6.379,5.854,6.383,
113,7.617,7.200,7.283,7.354,7.358,7.356,6.384,5.925,6.886,7.340,7.359,7.063,7.241,6.118,5.694,7.470,6.620,6.764,7.129,6.722,8.513,8.981,7.324,7.065,6.087,7.304,7.208,6.696,6.096,6.256,
114,7.600,7.033,7.100,7.544,,7.574,6.379,5.961,6.867,7.580,7.706,7.185,7.479,6.074,5.581,7.662,6.755,6.963,7.167,7.037,8.278,9.106,7.419,7.150,6.104,7.100,7.138,7.033,6.262,6.461,
115,7.733,7.200,7.267,7.756,,7.565,6.442,6.109,6.780,7.551,7.977,7.366,7.669,6.032,5.847,7.944,6.836,7.227,7.495,,8.431,9.259,7.512,7.363,5.950,7.417,7.288,7.325,6.254,6.756,
116,7.783,,7.433,7.815,7.743,7.560,6.896,6.229,7.032,7.794,8.090,7.655,7.685,6.222,5.729,7.808,6.877,7.440,7.804,,8.560,9.266,7.595,7.674,5.967,7.542,7.304,7.225,6.604,7.122,
117,7.717,,7.700,8.364,7.863,7.773,6.929,6.222,7.454,8.065,8.139,7.789,7.620,6.484,5.863,7.546,6.981,7.678,8.114,,8.581,9.456,7.565,7.891,6.313,7.546,7.279,7.400,6.904,7.156,
118,7.933,,8.033,8.343,7.838,8.023,7.019,6.222,7.469,7.972,8.512,8.012,7.815,6.711,6.002,7.280,7.044,7.542,8.394,,8.544,9.609,7.628,8.007,6.396,7.379,7.221,7.483,7.250,6.989,
119,8.067,,8.133,8.121,7.942,8.211,7.130,6.222,7.542,7.959,8.405,8.375,7.924,6.854,5.993,7.067,6.921,7.764,8.409,,8.845,9.704,7.625,7.919,6.254,7.596,7.129,7.492,7.538,7.222,
120,8.317,,,7.981,8.117,8.475,7.255,6.222,7.507,8.120,8.322,8.396,7.947,6.972,6.282,7.130,7.132,7.891,8.199,,9.005,10.063,7.708,8.009,6.396,7.492,7.742,7.804,7.771,7.289,
121,8.350,,7.600,8.355,8.296,8.701,7.850,6.222,7.659,8.590,8.699,8.516,8.157,7.111,6.630,7.588,7.410,8.206,8.089,,8.917,10.271,7.824,8.033,6.300,7.571,8.096,7.804,7.971,7.322,
122,8.319,8.100,7.540,8.707,8.389,8.894,8.347,6.222,7.770,8.972,8.528,8.447,8.093,7.192,6.771,8.021,7.389,8.275,8.143,,9.491,10.542,7.838,8.162,6.529,7.596,8.138,7.888,8.154,7.683,
123,8.383,,7.819,8.691,8.409,9.021,8.427,6.222,7.926,8.944,8.678,8.502,8.095,7.419,6.940,7.963,7.428,8.356,8.428,,9.472,10.690,8.070,8.390,7.121,7.650,8.413,7.933,8.333,7.917,
124,8.558,,7.868,9.067,8.362,10.012,8.530,6.222,8.065,8.590,8.606,8.667,8.183,7.438,7.204,7.326,7.563,8.317,8.947,,9.113,10.919,8.604,8.750,7.629,8.067,8.278,8.108,8.117,7.961,
125,8.827,,7.954,8.829,8.417,9.317,8.530,6.222,8.118,8.949,8.880,8.738,8.433,7.558,7.204,7.188,7.806,8.493,9.379,,9.315,11.120,8.847,8.804,8.038,8.063,8.275,8.263,8.117,7.467,
126,9.127,,8.162,8.785,8.724,9.440,8.338,6.222,8.051,9.421,9.065,8.870,8.639,7.866,7.556,7.412,7.900,8.664,9.625,,9.581,11.097,8.861,8.963,8.254,8.221,7.833,8.275,7.763,7.878,
127,9.222,,8.167,9.017,8.832,9.468,8.697,6.222,8.211,9.350,9.134,9.118,8.690,8.063,7.694,7.552,7.988,8.889,9.674,,9.472,11.086,8.829,9.065,8.462,8.512,8.263,8.267,8.171,7.767,
128,9.806,,8.362,9.163,9.016,9.471,8.682,7.211,8.253,9.360,9.399,9.100,8.894,8.225,7.894,7.585,8.139,9.238,9.804,9.417,9.650,11.461,8.787,9.400,8.871,8.513,8.300,8.429,8.129,8.089,
129,9.914,,8.533,9.246,9.113,9.625,8.713,8.227,8.315,9.236,9.331,9.116,9.222,8.461,8.125,7.958,8.280,9.600,9.982,9.327,10.028,11.528,8.939,9.674,8.942,8.963,8.554,8.363,8.304,8.411,
130,10.021,,8.770,9.656,9.233,9.659,8.790,8.495,8.627,9.421,8.991,9.215,9.389,8.405,8.141,8.356,8.353,9.863,9.939,9.436,10.313,11.373,9.148,9.883,8.946,9.121,8.850,8.263,8.550,8.550,
131,9.750,,8.941,9.750,9.275,9.600,9.186,8.917,8.947,9.382,9.243,9.319,9.537,8.407,8.174,8.606,8.481,9.750,10.044,9.606,10.049,11.454,9.248,9.992,8.908,9.263,8.687,8.279,8.904,8.800,
132,9.563,,9.149,9.886,9.300,9.720,9.448,9.324,8.926,9.420,9.676,9.456,9.463,8.225,8.144,8.914,8.525,9.745,9.998,9.684,10.148,11.588,9.259,10.158,9.350,9.758,8.771,8.133,9.179,8.950,
133,9.906,,9.236,9.737,9.303,9.794,9.698,9.384,8.865,9.438,9.824,9.769,9.431,8.391,8.239,9.229,8.692,9.810,9.968,9.757,9.981,11.282,9.250,10.396,9.779,9.967,9.204,8.192,9.579,9.106,
134,10.286,,9.392,10.043,9.613,9.957,9.966,9.347,9.032,9.512,10.192,10.238,9.681,8.802,8.426,9.574,8.877,9.977,9.915,9.897,10.208,11.850,9.123,10.600,9.633,9.983,9.721,8.508,9.938,9.333,
135,10.539,,9.492,9.866,9.867,10.256,10.100,9.609,9.215,9.650,10.248,10.535,9.928,8.970,8.627,9.762,8.648,10.206,10.127,10.103,10.773,12.178,9.220,10.854,9.367,9.925,10.154,8.462,10.154,9.717,
136,10.379,,9.600,9.958,9.954,10.442,10.702,9.861,9.421,9.905,10.400,10.691,10.039,9.259,8.597,10.097,8.626,10.382,10.069,10.235,11.206,11.998,9.282,11.088,9.417,9.846,10.688,8.583,10.550,9.389,
137,10.600,,9.850,10.005,9.904,10.641,10.233,9.984,9.484,10.046,10.375,11.035,10.257,9.498,9.021,10.201,8.847,10.456,10.160,10.269,11.449,12.316,9.486,11.383,9.721,10.017,10.883,8.838,10.700,9.517,
138,10.550,,9.843,10.107,9.892,10.817,10.219,9.991,9.333,10.544,10.479,11.258,10.354,9.889,9.479,10.118,9.232,10.278,10.705,10.255,11.613,12.757,9.822,11.321,9.925,10.167,10.700,9.025,10.850,9.583,
139,10.579,9.183,9.900,10.467,10.165,10.898,10.588,9.877,9.063,10.586,10.315,11.375,10.384,10.132,9.674,10.157,9.511,10.090,10.926,10.421,11.787,12.637,10.044,11.167,10.063,10.263,10.529,9.292,11.067,9.433,
140,10.837,9.200,10.143,10.528,10.272,11.016,10.640,10.183,8.957,10.924,10.454,11.208,10.259,10.093,9.870,9.949,9.817,9.963,11.089,10.564,11.660,12.486,10.206,11.300,9.967,10.496,10.017,9.113,11.263,9.611,
141,10.994,9.280,10.351,10.996,10.434,10.979,11.111,10.314,9.310,11.019,10.370,11.104,10.255,9.910,10.150,9.848,9.927,9.995,11.188,10.819,11.912,12.389,10.238,11.471,10.313,10.596,9.750,9.142,11.608,9.422,
142,11.159,9.217,10.778,11.243,10.629,11.007,11.345,10.097,9.713,11.248,10.782,10.935,10.535,9.873,10.192,9.866,10.009,10.072,11.052,11.102,12.220,12.662,10.428,11.725,10.908,10.625,9.804,9.117,11.771,9.072,
143,10.987,9.400,10.916,11.667,10.867,10.968,11.220,10.048,9.889,11.271,11.120,10.993,10.546,9.768,9.984,10.137,10.081,10.234,11.187,11.229,12.456,12.738,10.692,11.950,10.992,10.567,9.758,9.333,11.746,9.078,
144,11.102,9.667,11.002,12.222,10.988,10.846,11.285,10.148,,11.495,11.125,11.139,10.877,9.859,10.005,10.231,10.238,10.401,11.244,11.226,12.625,12.638,10.769,12.175,11.046,10.608,10.242,9.596,11.875,9.511,
145,11.387,9.833,11.252,12.222,10.873,11.801,11.473,10.248,,11.581,11.292,11.185,11.042,9.914,10.549,10.088,10.285,10.500,11.318,11.184,12.685,12.465,10.669,12.358,10.825,10.729,10.792,9.892,11.800,10.000,
146,11.592,10.050,11.310,11.097,10.204,11.167,11.694,10.318,,11.387,11.292,11.285,11.192,10.484,10.769,10.051,10.220,10.563,11.514,11.105,12.606,12.729,10.650,12.421,10.788,10.896,11.121,10.125,12.063,10.300,
147,11.738,10.400,11.481,10.998,10.110,11.069,12.341,10.778,11.406,11.387,11.630,11.321,11.361,10.884,10.701,10.049,10.190,10.752,11.683,11.203,12.682,12.866,10.836,12.467,10.817,11.083,11.267,10.188,12.271,10.428,
148,12.281,10.617,11.617,11.126,10.000,11.150,12.023,11.149,11.259,11.432,12.329,11.514,11.387,11.069,10.873,10.275,10.266,11.157,11.886,11.553,12.991,12.972,11.162,12.538,11.233,11.329,11.038,10.229,12.421,10.428,
149,12.711,10.467,11.710,11.215,10.000,11.435,12.007,11.106,11.076,11.565,12.894,11.859,11.782,11.130,11.188,10.530,10.449,11.456,12.058,11.594,13.076,13.215,11.241,12.438,11.696,11.475,11.604,10.283,12.667,10.633,
150,12.668,10.200,11.652,11.437,10.042,11.810,11.841,11.002,11.355,11.685,12.984,12.088,11.859,11.347,11.056,10.863,10.637,11.549,12.079,11.737,13.262,13.315,11.238,12.283,12.046,11.517,11.942,10.288,12.821,10.600,
151,12.660,10.150,11.510,11.963,10.000,11.606,11.671,11.234,11.359,11.896,12.870,12.398,11.900,11.572,11.222,11.160,10.729,11.644,12.341,11.952,13.486,13.461,11.241,12.200,12.104,11.563,11.854,10.217,13.083,10.650,
152,12.683,10.600,11.438,12.444,10.000,11.572,11.706,11.208,11.558,11.972,12.671,12.463,12.301,11.697,11.613,11.167,10.853,11.745,12.551,12.289,13.630,13.523,11.269,12.296,12.613,11.800,12.038,10.446,13.342,11.344,
153,12.581,10.733,11.481,12.657,10.000,11.458,11.570,11.345,11.539,12.116,12.611,12.387,12.766,11.898,11.873,11.234,11.139,11.924,12.631,12.481,13.813,13.634,11.299,12.521,12.846,11.842,12.346,10.567,13.604,11.472,
154,12.711,10.833,11.452,12.684,10.417,11.780,11.287,11.389,11.567,12.164,12.913,12.519,13.030,11.882,11.630,11.198,11.336,12.176,12.730,12.571,13.720,13.755,11.593,12.767,13.150,11.858,12.571,10.688,13.904,11.261,
155,12.983,11.050,11.395,12.785,11.000,12.208,11.120,11.507,11.581,12.178,13.227,12.590,12.956,11.671,11.782,11.372,11.484,12.294,12.944,12.762,13.831,13.877,11.780,12.933,13.063,11.850,13.000,10.792,13.925,11.133,
156,13.068,11.217,11.524,12.840,11.033,12.377,11.259,11.558,12.177,12.251,13.007,12.630,12.583,11.525,12.648,11.706,11.583,12.164,13.122,12.921,13.928,14.333,11.988,13.029,12.713,11.971,12.996,10.696,13.742,11.489,
157,12.583,11.317,11.617,12.910,11.083,12.525,11.287,11.699,12.086,12.674,12.831,12.899,12.491,11.738,12.697,11.894,11.519,11.940,13.239,12.958,14.157,14.548,12.280,13.117,12.471,11.854,12.608,10.657,13.704,11.767,
158,12.397,11.367,11.644,13.156,11.000,12.571,11.234,11.530,12.245,12.917,12.630,13.067,12.447,11.613,12.787,11.935,11.465,11.632,13.444,12.955,14.410,14.456,12.514,13.204,12.283,11.867,12.271,11.025,13.775,11.956,
159,12.317,11.350,11.693,13.264,11.000,12.576,11.152,10.977,12.630,13.037,12.470,13.162,12.329,11.699,12.669,11.938,11.245,11.618,13.617,12.904,14.766,14.704,12.560,13.421,12.213,12.071,12.058,11.258,13.771,12.183,
160,12.475,11.550,11.860,13.450,11.125,12.676,11.439,11.056,12.942,13.068,12.648,13.148,12.104,11.882,12.931,11.674,11.100,11.641,13.598,13.134,14.803,14.907,12.609,13.625,12.579,12.254,12.179,11.158,13.808,12.322,
161,12.575,12.100,11.806,13.586,12.013,12.708,11.743,11.549,12.838,13.095,13.177,13.037,12.306,12.000,13.194,11.963,11.183,11.766,13.505,13.319,14.972,14.855,12.637,13.675,12.613,12.075,12.721,11.288,13.846,12.294,
162,12.903,12.067,11.817,13.824,12.017,12.755,12.043,12.070,12.958,12.801,13.245,12.956,12.956,11.919,13.394,12.227,11.389,11.988,13.371,13.407,15.130,14.736,12.748,13.625,12.771,12.135,12.896,11.308,14.104,12.633,
163,13.405,12.167,11.937,14.007,12.000,12.685,12.049,12.468,13.133,12.741,13.627,12.981,13.324,11.979,13.581,12.428,11.632,12.273,13.035,13.404,15.356,14.544,13.095,13.721,13.013,12.246,12.975,11.671,14.158,12.661,
164,13.433,12.267,11.917,14.220,12.958,12.664,12.158,12.801,13.076,13.208,13.678,13.053,13.366,12.269,13.771,12.868,11.870,12.404,12.935,13.037,15.181,14.391,13.338,13.700,13.425,12.625,13.317,11.763,14.304,12.972,
165,13.384,12.300,12.246,14.343,13.000,12.806,12.411,12.852,12.925,13.144,13.514,13.007,13.428,12.532,13.713,12.907,12.065,12.531,13.248,13.049,15.013,14.424,13.419,13.746,13.942,12.742,13.425,11.450,14.108,13.128,
166,13.747,12.683,12.411,14.075,13.243,13.115,12.278,12.978,13.493,13.137,13.477,13.336,13.419,12.780,14.229,12.655,11.995,12.741,13.551,13.368,14.854,14.396,13.220,14.108,14.196,12.721,13.454,11.392,13.917,13.206,
167,13.683,12.833,12.540,13.833,13.421,13.389,12.561,13.007,13.708,13.271,13.675,13.255,13.447,12.995,14.345,12.236,11.889,12.664,13.581,13.137,14.761,14.261,13.204,14.408,14.508,12.513,13.908,11.429,14.121,12.967,
168,13.898,12.817,12.540,13.865,13.429,13.699,12.923,12.873,13.567,13.481,13.616,13.178,13.500,12.986,14.236,11.998,12.037,12.750,13.720,13.033,14.954,14.484,13.336,14.600,14.788,12.433,14.058,11.825,14.113,12.783,
169,14.050,12.850,12.525,13.433,13.458,13.563,13.065,12.949,13.699,13.486,13.611,13.340,13.882,12.968,13.762,12.206,12.162,12.785,13.876,13.424,15.263,14.428,13.565,14.646,14.725,12.633,14.100,12.075,13.942,12.939,
170,13.941,12.767,12.711,13.377,13.471,13.643,13.308,12.803,14.038,13.601,13.611,13.403,13.975,13.000,14.014,12.514,12.301,12.891,13.657,13.811,15.507,14.301,13.606,14.929,14.432,12.929,14.138,12.079,13.750,12.861,
171,13.856,13.067,12.976,13.833,13.713,13.647,13.258,12.900,14.030,13.778,14.278,13.523,13.935,,14.102,13.032,12.572,12.926,13.447,14.095,15.924,14.273,13.882,15.292,13.804,13.275,14.571,12.333,14.088,13.006,
172,13.927,13.300,13.005,14.252,13.480,13.657,13.258,13.042,13.796,14.088,14.535,13.947,14.106,,13.831,13.088,12.718,12.743,13.452,14.235,16.086,14.588,14.113,15.479,13.775,13.442,14.883,12.708,14.058,13.306,
173,14.341,13.467,13.062,14.384,13.529,14.065,12.874,13.752,13.984,14.438,14.551,13.806,14.470,,13.729,12.905,12.796,12.847,13.479,14.330,16.104,14.873,14.285,15.567,14.054,13.567,15.071,12.971,14.329,13.461,
174,14.563,13.617,13.331,14.408,13.028,14.065,,13.836,13.889,14.722,14.796,13.998,14.743,,14.093,13.141,12.863,13.049,13.575,14.243,16.102,15.016,14.414,15.492,14.188,13.783,14.971,13.133,14.354,13.628,
175,14.692,13.717,13.333,14.245,13.053,13.954,,13.870,14.213,14.914,14.809,14.428,14.787,,14.285,13.623,12.794,13.051,13.872,14.373,16.036,15.461,14.347,15.583,14.179,13.900,15.033,13.083,14.633,13.700,
176,15.157,13.633,13.590,14.662,13.089,14.132,6.044,13.854,14.167,15.241,14.796,14.734,14.690,,14.412,13.691,12.815,12.894,14.175,14.670,15.833,15.359,14.514,15.696,14.183,14.054,15.075,13.021,14.800,14.106,
177,15.186,13.683,13.935,14.521,13.087,14.493,5.646,14.146,14.602,15.481,14.872,14.843,14.660,,14.589,13.736,12.650,12.664,14.303,14.738,15.988,15.352,14.766,15.367,14.079,14.263,15.263,13.288,14.892,14.447,
178,15.100,13.983,14.192,14.649,13.016,14.428,5.537,14.273,14.928,15.491,15.002,15.114,14.519,,14.850,13.683,12.773,12.461,14.493,14.657,16.389,15.671,14.919,15.457,14.038,14.329,15.479,13.654,15.096,14.150,
179,15.043,14.050,14.391,15.164,13.260,14.303,5.356,14.212,15.310,15.697,14.812,15.243,14.551,,14.692,13.933,12.981,12.391,14.797,14.856,16.606,15.778,15.245,14.860,14.383,14.000,15.608,13.838,15.338,13.861,
180,15.043,14.167,14.657,15.301,13.758,14.391,5.167,14.255,15.410,15.713,14.843,15.419,14.720,,14.396,14.063,13.255,12.674,15.104,15.003,17.012,16.067,15.488,14.925,14.783,14.000,15.730,13.971,15.346,14.206,
181,15.143,14.383,14.671,15.102,13.746,14.759,5.157,14.049,15.269,15.475,15.419,15.498,14.933,,14.780,14.079,13.264,12.984,15.349,15.034,17.331,16.310,15.454,15.100,15.083,13.621,15.896,14.017,15.592,14.561,
182,15.529,14.650,15.089,15.457,14.279,14.860,5.367,14.109,15.134,15.481,15.553,15.484,15.255,,15.338,14.106,13.160,13.146,15.587,14.987,17.275,16.394,15.523,15.171,15.088,13.624,16.163,13.763,15.833,14.839,
183,15.722,15.000,14.950,15.844,14.328,15.021,5.477,13.798,15.315,15.596,15.646,15.866,15.248,,15.405,13.951,12.988,13.215,15.701,14.947,17.363,16.289,15.563,15.358,15.429,13.953,16.183,14.071,16.004,14.617,
184,15.779,15.133,14.900,15.795,14.444,15.183,5.185,13.993,15.321,,15.762,16.248,15.438,14.514,15.472,14.060,13.289,13.375,16.035,15.212,17.556,,15.761,15.421,15.575,14.333,16.300,14.500,16.129,14.800,
185,15.937,15.171,15.108,16.111,14.444,15.113,5.126,14.171,15.595,,16.123,16.440,15.688,14.796,15.801,14.509,13.725,13.331,16.151,15.423,17.575,,15.975,15.558,15.546,14.358,16.404,14.342,16.554,14.828,
186,15.973,15.271,15.294,16.667,14.444,14.701,5.606,14.569,15.889,,16.097,16.211,15.944,14.769,15.801,14.537,13.905,13.387,16.096,15.618,17.546,,15.977,15.733,15.804,14.383,16.292,14.346,16.383,14.756,
187,15.551,15.229,15.408,16.356,14.607,14.764,5.933,14.737,16.125,,15.525,15.963,16.127,14.715,15.762,14.449,13.701,13.396,15.865,15.782,17.521,,16.106,15.829,16.067,14.400,16.475,14.492,16.450,15.161,
188,15.722,15.250,15.337,16.383,14.818,14.528,6.282,14.706,16.000,,15.546,15.859,16.324,14.861,15.676,14.738,14.074,13.627,16.000,,17.574,,16.116,15.904,15.983,14.400,16.150,14.754,16.321,15.189,
189,15.837,15.000,15.351,16.163,14.993,14.475,6.201,14.868,15.869,15.679,15.979,16.125,16.356,14.692,15.741,14.880,14.234,14.046,16.171,15.857,17.585,16.104,16.447,16.200,16.092,14.400,16.163,14.900,16.279,15.483,
190,16.151,14.957,15.065,16.687,15.175,14.843,6.391,15.063,15.618,15.606,15.683,16.350,16.454,15.002,15.604,14.840,14.229,14.292,16.456,15.931,17.532,15.909,16.648,16.425,15.904,14.400,16.321,15.071,16.304,15.439,
191,16.273,15.382,15.037,17.159,15.012,15.157,7.338,15.303,15.785,15.891,15.713,16.477,16.125,15.093,15.613,15.275,13.933,14.468,16.597,15.884,17.683,16.080,16.681,16.579,15.817,14.779,16.521,15.438,16.271,15.850,
192,16.495,15.414,15.122,16.961,15.048,15.470,7.442,15.398,16.338,15.970,15.938,16.671,15.947,15.248,15.794,15.778,14.056,14.699,16.472,16.143,17.686,16.489,16.294,16.596,15.921,15.367,16.783,15.533,15.950,15.806,
193,16.538,15.608,15.137,17.778,15.438,15.803,7.833,15.861,16.389,15.655,16.113,16.572,16.007,15.396,16.037,15.958,14.509,14.725,16.717,16.137,17.660,16.464,16.269,16.600,15.938,15.633,17.052,15.579,16.392,15.867,
194,16.481,15.186,15.122,16.841,15.533,15.764,7.225,16.044,16.644,15.710,16.177,16.514,16.076,15.479,16.204,15.775,14.762,14.926,16.620,16.200,17.640,16.645,16.556,16.925,16.479,15.671,17.021,15.721,16.717,16.117,
195,16.510,15.157,15.339,16.765,15.413,15.752,6.981,16.312,16.882,16.169,16.598,16.598,16.123,15.324,16.269,15.706,14.838,15.007,16.486,16.421,17.623,16.773,16.875,16.975,17.096,15.596,17.242,16.092,16.667,16.156,
196,16.738,15.665,15.408,16.455,15.215,16.058,6.826,16.560,16.947,16.382,16.588,16.764,16.583,15.481,16.468,15.744,14.856,15.157,16.412,16.412,17.408,16.656,16.803,17.250,16.971,15.863,17.358,16.204,17.192,16.344,
197,16.738,15.994,16.111,16.432,15.067,16.248,6.811,16.359,16.912,16.611,16.408,16.838,16.704,15.623,16.495,15.623,14.928,15.088,16.699,16.373,17.336,16.732,17.056,17.333,17.108,15.692,17.567,16.246,17.358,16.328,
198,16.781,16.273,15.802,16.816,14.892,16.488,6.917,16.255,16.815,17.067,16.755,16.882,16.560,16.164,17.056,15.910,14.940,15.134,17.056,16.754,17.702,16.919,,17.288,17.088,15.838,17.858,16.438,17.363,16.033,
199,17.052,16.511,15.652,17.250,14.971,16.456,11.452,16.646,16.840,17.144,16.947,16.782,16.502,16.128,17.387,16.287,15.262,15.403,17.172,16.762,18.000,17.099,,17.275,16.500,16.238,17.904,16.525,16.654,16.057,
200,17.232,16.194,16.095,17.479,15.600,16.153,15.322,16.685,17.208,17.076,16.956,16.773,16.495,16.400,17.667,16.690,15.340,15.368,17.417,16.785,18.287,16.988,,17.650,16.358,16.521,18.025,16.533,17.700,16.061,
201,17.303,15.830,16.410,17.648,15.792,16.005,15.566,16.685,17.414,17.130,16.868,16.886,16.662,16.505,17.537,16.697,15.417,15.310,17.581,16.729,18.488,16.847,16.833,17.858,16.804,16.642,17.938,16.563,17.900,16.600,
202,17.432,15.794,16.324,17.845,15.921,16.278,15.717,16.819,17.368,17.243,17.257,17.132,16.715,16.671,17.461,16.581,15.579,15.565,17.831,16.794,18.586,17.030,17.106,17.829,17.083,16.471,18.013,16.721,17.892,16.889,
203,17.625,16.094,16.338,18.184,16.109,16.537,15.877,16.857,17.415,17.498,17.163,17.412,17.007,17.039,17.433,16.597,15.590,15.671,18.042,16.851,18.660,17.296,17.310,17.546,17.158,16.467,17.863,16.867,17.704,16.817,
204,17.897,16.369,16.481,18.317,16.188,16.869,15.701,16.787,17.770,17.625,,17.810,17.417,17.088,17.384,17.067,15.910,15.963,18.097,16.667,18.819,17.414,17.361,17.413,17.104,16.642,18.096,16.875,17.679,16.811,
205,17.925,16.642,16.510,18.403,16.217,17.058,15.730,16.933,17.676,17.850,,18.100,17.475,17.029,17.014,17.502,16.014,16.044,18.044,16.879,18.856,17.519,16.991,17.625,17.183,16.792,18.146,17.050,18.013,16.744,
206,17.840,16.853,16.317,18.743,16.188,17.127,15.993,17.306,17.852,18.185,,18.137,17.405,17.060,17.044,17.517,15.923,16.150,18.191,17.233,18.540,17.722,17.194,17.688,17.179,16.813,18.158,17.008,17.942,16.789,
207,17.840,16.973,16.667,18.891,16.233,16.913,16.019,17.479,18.194,18.012,,18.319,17.419,17.537,17.303,17.493,15.935,16.259,18.217,17.773,18.386,17.956,17.641,17.729,17.408,16.792,18.363,17.125,18.021,16.822,
208,17.668,17.284,16.667,18.755,16.208,16.921,16.188,17.637,18.326,17.912,17.431,18.368,17.498,17.525,17.528,17.289,16.257,16.479,18.325,17.852,18.685,17.924,17.421,17.913,17.758,16.846,18.688,17.263,18.327,16.828,
209,17.883,17.444,16.667,18.845,16.179,16.861,16.232,17.755,18.492,17.877,17.454,18.440,17.757,17.877,17.238,16.998,16.333,16.731,18.444,17.925,18.953,17.852,17.539,18.117,17.992,16.763,18.658,17.525,18.244,17.128,
210,18.025,17.636,16.667,18.870,16.523,16.970,16.285,17.773,18.178,17.817,17.625,18.456,18.060,18.012,17.245,17.266,16.417,16.750,18.442,18.267,18.903,17.815,17.731,18.288,17.817,16.717,18.633,17.533,18.333,17.433,
211,17.797,17.776,16.667,18.785,16.792,17.081,16.333,17.540,18.310,17.850,17.914,18.442,18.157,17.861,17.544,17.720,16.567,16.877,18.205,18.371,18.708,18.317,18.174,18.396,17.917,16.900,18.700,17.625,18.411,17.450,
212,17.876,17.876,17.222,19.002,16.846,17.215,16.382,17.289,18.162,17.850,18.273,18.333,18.134,17.426,17.917,17.831,16.713,16.906,17.884,18.516,18.900,18.581,18.095,18.533,17.729,16.892,18.900,17.763,18.467,17.594,
213,18.146,17.876,17.222,19.412,16.946,17.322,16.307,17.208,18.572,18.147,18.119,18.463,18.118,17.346,18.245,17.940,16.845,17.190,18.000,18.615,19.141,18.676,18.157,18.813,17.850,17.000,18.900,17.650,18.683,16.767,
214,18.083,17.676,17.222,19.836,16.825,17.752,16.278,17.132,18.928,18.419,18.025,18.336,18.394,17.674,18.410,17.935,16.961,17.252,18.111,18.643,19.248,18.708,18.227,18.708,18.183,17.142,19.042,17.642,18.872,17.967,
215,18.219,17.832,17.468,19.683,16.721,17.998,16.236,17.167,18.917,18.447,18.102,18.178,18.410,17.859,18.618,17.884,16.917,17.252,18.294,18.716,19.370,18.618,18.014,18.938,18.296,17.300,19.138,17.713,18.933,17.611,
216,18.548,17.468,17.440,19.370,16.808,17.877,16.283,17.162,19.048,18.532,18.236,18.350,18.451,18.167,18.688,17.803,16.882,17.241,18.513,18.793,19.421,18.365,18.227,18.975,18.396,17.367,19.208,17.579,19.006,17.828,
217,18.927,17.540,17.372,19.413,17.171,17.838,16.440,17.417,18.856,18.688,18.169,18.602,18.771,18.097,18.468,17.469,17.348,17.303,18.606,18.833,19.259,18.179,18.058,18.896,18.592,17.433,19.029,17.321,18.989,18.244,
218,18.827,17.346,17.654,19.261,17.258,17.752,16.288,17.403,18.853,18.644,18.169,18.794,18.639,18.243,18.016,17.421,17.440,17.130,18.960,18.722,19.113,18.310,18.104,18.588,18.725,17.408,19.208,17.479,19.178,18.744,
219,18.641,17.089,17.748,19.583,17.450,18.215,16.329,17.394,18.648,18.523,18.431,18.750,18.528,17.938,17.674,17.748,17.537,17.245,19.079,18.627,19.384,18.376,18.313,18.417,18.513,17.417,19.525,17.454,19.139,18.972,
220,18.748,17.203,17.776,19.794,17.608,18.461,16.287,17.819,18.831,18.752,18.715,18.762,18.532,17.877,17.933,18.079,17.575,17.338,19.184,18.849,19.572,18.383,18.604,18.488,18.413,17.396,19.471,17.454,19.200,18.989,
221,18.813,17.160,17.876,19.803,17.563,18.553,16.662,18.155,19.130,18.676,18.889,18.648,18.539,17.887,18.255,18.113,17.611,17.421,19.372,19.033,19.505,18.380,18.516,18.496,18.533,17.446,19.313,17.500,19.022,18.689,
222,18.527,17.489,17.805,19.571,17.771,18.486,16.644,18.315,19.333,18.917,18.905,18.796,18.764,17.995,18.150,18.197,17.606,17.539,19.465,19.199,19.435,18.422,18.435,18.788,18.533,17.475,19.292,17.746,18.813,18.989,
223,18.154,17.932,17.776,19.819,17.804,18.523,17.164,18.569,19.213,18.850,18.921,19.079,18.947,18.208,18.079,18.250,17.698,17.414,19.333,19.145,19.620,18.448,18.988,19.096,18.629,17.442,19.567,18.217,19.244,18.889,
224,18.576,18.183,17.640,19.871,17.829,18.736,17.625,18.498,19.194,18.641,18.988,19.120,18.882,18.400,18.007,17.898,17.758,17.463,19.333,19.102,19.671,18.430,19.493,19.150,18.717,17.700,19.504,16.655,19.567,18.900,
225,18.662,18.162,17.976,20.222,17.865,18.706,17.558,18.565,19.234,18.505,19.125,19.516,18.856,18.495,17.882,17.875,17.896,17.537,19.333,19.021,19.843,18.572,19.690,19.121,18.546,17.558,19.538,18.500,19.644,19.117,
226,18.756,18.190,18.313,20.220,17.904,18.546,17.199,18.586,19.211,18.875,19.174,19.391,18.944,18.831,17.549,18.419,17.882,17.681,,18.940,19.961,18.699,19.748,19.233,18.425,17.400,19.883,18.550,19.694,19.267,
227,18.641,18.448,18.248,20.306,17.942,18.634,17.449,18.438,19.394,19.356,19.137,19.387,19.150,18.896,17.553,18.792,17.867,17.681,19.417,18.882,19.796,18.891,19.813,18.996,18.408,17.476,20.125,18.825,19.883,19.056,
228,18.584,18.248,18.290,20.294,17.955,18.635,17.944,18.539,19.428,19.560,19.085,19.220,19.211,18.912,17.887,18.741,17.796,17.903,19.312,19.108,19.838,19.056,19.799,18.654,18.588,17.550,20.038,18.700,19.844,18.889,
229,18.405,18.276,18.433,20.019,18.051,18.470,17.167,18.544,19.662,19.706,19.132,19.037,19.319,19.368,17.896,18.600,17.749,17.951,19.420,19.544,19.912,19.123,19.611,18.800,18.900,17.783,19.863,18.725,19.811,19.128,
230,18.505,18.348,18.276,19.880,17.979,18.394,17.002,18.664,19.715,19.568,18.986,19.164,19.394,19.655,18.021,18.583,17.639,17.856,19.469,19.399,19.794,19.164,19.301,19.008,19.208,18.108,19.758,19.042,19.828,19.506,
231,18.870,18.262,18.265,19.963,18.300,18.553,17.213,18.639,19.785,19.594,19.361,19.442,19.294,19.653,17.894,18.743,17.800,17.884,19.505,19.337,19.688,19.127,19.502,18.975,19.150,18.350,19.721,19.046,19.828,19.594,
232,19.084,18.262,18.362,19.764,18.323,18.505,17.477,18.635,19.625,19.542,19.354,19.597,19.069,19.560,17.715,18.750,18.065,17.903,19.422,19.304,19.743,19.197,19.581,18.963,18.979,18.413,19.613,19.158,19.589,19.689,
233,19.122,18.133,18.376,19.773,18.292,18.530,17.803,18.685,19.639,19.711,19.331,19.562,19.030,19.257,17.766,18.760,17.970,18.044,19.333,19.336,19.669,19.317,19.657,18.950,18.767,18.488,19.454,19.288,19.467,19.456,
234,19.361,17.911,18.827,19.880,18.465,18.604,17.733,18.803,19.549,19.757,19.292,19.716,19.005,19.023,18.363,19.085,17.960,18.037,19.261,19.363,19.424,19.273,19.472,18.929,18.550,18.658,19.642,19.458,19.233,19.382,
235,19.221,17.954,18.965,20.021,18.443,18.780,17.709,19.009,19.275,19.525,19.238,19.752,19.125,18.789,18.699,18.924,18.016,18.086,19.325,19.344,19.380,19.109,19.345,18.988,18.771,18.675,19.529,19.338,19.111,19.300,
236,19.141,18.068,18.974,20.151,18.431,18.986,17.685,19.079,19.347,19.653,19.218,19.597,19.576,18.958,18.894,18.708,18.321,18.090,19.310,19.293,19.186,18.889,19.255,19.096,19.058,18.775,19.554,19.221,19.233,19.211,
237,19.263,18.140,18.713,20.251,18.231,18.488,17.353,19.141,19.507,19.671,19.262,19.708,19.711,19.065,18.965,18.715,18.502,18.063,19.240,19.141,18.954,18.891,18.984,19.254,19.088,18.967,19.571,19.367,19.067,18.913,
238,19.635,18.348,18.698,20.278,18.269,18.150,17.808,19.194,19.595,19.576,19.231,19.868,19.697,18.783,18.771,18.444,18.513,18.049,19.376,19.185,19.206,18.870,19.218,19.267,18.908,19.025,19.429,19.563,19.239,19.011,
239,19.671,18.448,18.598,20.242,18.422,18.373,17.572,19.150,19.634,19.310,19.222,19.873,19.731,18.655,18.648,18.012,18.625,18.028,19.525,19.225,19.417,18.614,19.375,19.196,18.913,18.825,19.479,19.608,19.606,19.331,
240,19.263,18.648,18.584,20.281,18.320,18.579,17.870,19.167,19.678,19.069,19.329,19.808,19.641,18.602,18.523,18.255,18.764,17.984,19.655,19.212,19.674,18.506,19.428,19.313,18.863,18.629,19.658,19.492,19.789,19.306,
241,19.027,18.576,18.541,20.713,18.375,18.327,18.086,19.167,19.903,19.486,19.329,19.782,19.701,18.826,18.722,18.481,18.697,17.968,19.706,19.510,19.736,18.504,19.190,19.258,18.704,18.725,19.758,19.646,19.689,19.044,
242,19.113,18.562,18.681,20.771,18.313,18.508,18.293,19.167,20.019,19.548,19.324,19.609,19.500,19.002,19.042,18.519,18.690,17.972,19.826,19.410,19.546,18.572,19.113,19.146,18.717,18.746,19.667,19.633,19.383,19.283,
243,19.047,18.648,18.813,20.752,17.988,18.420,18.314,19.167,20.144,19.688,19.391,19.412,19.600,19.076,19.111,18.528,18.536,17.958,19.934,19.530,19.194,18.744,19.218,19.229,19.025,18.883,19.633,19.371,19.289,19.706,
244,19.563,18.713,19.286,20.889,18.070,18.096,18.356,19.306,20.014,19.988,19.611,19.662,19.817,18.956,19.315,18.262,18.428,18.185,20.000,19.427,18.931,18.754,19.604,19.450,19.392,18.867,19.304,19.321,19.422,19.867,
245,19.778,18.690,19.306,21.667,17.937,18.153,18.449,19.512,20.014,19.787,19.560,19.759,19.958,18.789,19.336,18.246,18.521,18.076,20.127,19.311,18.931,18.414,19.799,19.600,19.583,19.075,19.375,19.596,19.494,19.917,
246,19.792,18.770,18.889,21.667,17.803,18.157,18.229,19.477,20.072,19.583,19.620,19.803,20.069,18.720,19.266,18.333,18.505,18.134,20.160,19.216,18.861,18.241,19.986,19.563,19.621,19.117,19.417,19.613,19.561,19.928,
247,20.000,18.756,19.444,21.667,17.793,18.391,18.326,19.444,20.049,19.627,19.343,19.581,20.217,18.799,19.329,18.275,18.532,18.289,20.134,19.080,18.669,18.269,20.164,19.392,19.583,19.050,19.300,19.654,19.683,20.272,
248,19.900,18.584,19.444,21.667,17.752,18.428,18.377,19.331,20.039,19.694,19.317,19.630,20.169,18.959,18.991,18.347,18.542,18.426,20.188,19.000,18.674,18.338,19.965,19.354,19.608,18.983,19.313,19.596,19.150,20.833,
249,20.000,18.072,18.889,21.667,17.713,18.487,18.141,19.139,20.139,19.808,19.229,19.981,20.227,19.029,18.780,18.463,18.488,18.299,20.122,19.139,18.692,18.484,19.669,19.317,19.471,18.950,19.508,19.629,19.656,20.711,
250,19.444,18.058,19.444,22.222,17.752,18.471,17.966,18.866,19.900,19.801,19.225,19.921,19.928,18.896,18.711,18.294,18.447,18.137,19.925,19.108,18.762,18.556,19.690,19.296,19.408,19.204,19.529,19.408,19.789,20.541,
251,19.444,18.333,19.444,21.111,17.668,18.394,17.826,18.766,19.867,19.699,19.232,19.898,19.674,18.799,18.576,18.317,18.424,18.153,19.672,19.096,18.697,18.514,19.606,19.271,19.242,18.908,19.492,19.021,19.706,20.461,
252,19.444,17.778,19.444,21.111,17.924,18.251,18.023,18.590,19.799,19.618,19.201,19.764,19.706,19.051,18.509,18.183,18.454,18.259,19.785,19.037,18.614,18.366,19.412,19.288,19.238,18.629,19.629,19.029,19.722,20.300,
253,20.000,17.778,19.444,21.111,17.795,17.992,18.146,18.713,19.495,19.456,19.032,19.699,19.606,19.074,18.718,18.192,18.589,18.398,20.108,18.801,18.685,18.185,19.421,19.196,19.071,18.463,19.404,19.308,19.633,20.289,
254,19.444,19.444,18.889,21.111,17.691,17.903,18.160,19.007,19.431,19.308,18.863,19.718,19.558,19.201,18.981,18.231,18.903,18.269,20.192,18.594,18.868,18.211,19.370,19.267,18.942,18.558,19.296,19.400,19.428,20.306,
255,19.444,17.778,19.444,21.100,17.817,18.058,18.220,19.019,19.456,19.317,18.803,19.789,19.438,19.085,18.773,18.222,19.010,18.111,20.108,18.556,19.060,18.185,19.535,19.200,18.996,18.650,19.179,19.188,19.256,20.278,
256,19.444,17.778,18.889,21.111,17.931,18.360,18.155,19.032,19.338,19.495,18.944,19.674,19.229,19.081,18.757,18.153,19.002,17.859,20.075,18.710,19.087,18.229,19.481,19.117,19.029,18.504,19.267,19.004,19.383,20.139,
257,19.444,18.333,18.889,21.667,18.037,18.514,18.152,19.037,19.199,19.350,19.079,19.331,19.236,19.042,18.903,18.336,18.899,18.056,20.201,18.689,18.956,18.495,19.199,19.050,18.879,18.329,19.296,18.963,19.378,20.111,
258,19.444,18.333,18.889,21.111,17.893,18.569,18.429,19.104,19.097,19.234,19.111,18.898,19.250,19.139,18.683,18.433,18.833,18.056,20.263,18.658,18.662,18.630,19.069,18.825,18.592,18.325,19.000,19.079,19.428,19.939,
259,19.444,18.333,18.889,21.111,17.820,18.773,18.884,18.977,18.829,19.155,19.111,18.787,19.025,19.070,18.898,18.590,,18.056,20.172,18.753,18.539,18.713,19.063,18.767,18.538,18.467,18.783,19.092,19.506,19.883,
260,18.889,18.333,18.889,21.111,18.300,18.947,18.940,18.909,18.789,19.145,,18.859,18.931,19.133,18.972,18.583,,18.056,20.109,18.830,18.458,18.727,19.021,18.479,18.396,18.675,18.517,18.929,19.283,19.806,
261,18.889,17.778,18.333,21.111,18.300,19.109,18.926,,18.630,,,18.799,,,18.829,18.546,,18.056,20.086,18.836,18.350,18.458,18.662,18.313,18.283,18.617,18.333,18.821,19.106,19.828,
262,19.444,18.333,18.333,21.111,18.300,19.046,,,18.620,,,,,,18.806,18.516,,18.056,19.886,18.900,18.215,18.303,18.394,18.346,18.200,18.429,17.933,18.925,18.978,19.661,
263,18.889,17.778,18.333,20.556,18.300,18.952,,,,,,,,,18.659,18.507,,18.056,19.693,19.037,18.123,18.394,18.308,18.346,18.229,18.496,17.788,18.675,18.778,19.678,
264,18.889,17.778,18.889,20.556,18.300,18.889,,,,,,,,,18.478,18.539,,,19.717,19.278,18.134,18.399,18.343,18.225,18.433,18.600,17.900,18.696,18.572,19.578,
265,18.889,17.778,18.889,20.556,18.300,18.333,,,,,,,,,18.560,18.359,,,19.623,19.287,18.157,18.405,18.347,18.113,18.496,18.796,17.863,18.571,18.561,19.478,
266,18.333,17.778,18.889,20.556,17.800,18.333,,,,,,,,,18.759,18.181,,,19.370,19.177,18.104,18.579,18.204,18.042,18.388,18.988,17.771,18.529,18.506,19.233,
267,18.333,17.222,18.889,20.556,17.800,18.333,,,,,,,,,18.815,18.137,,,18.854,19.021,17.977,18.444,18.102,18.025,18.238,18.854,17.788,18.642,18.500,19.350,
268,18.333,17.222,18.889,20.000,17.800,17.800,,,,,,,,,19.922,18.171,,,18.738,18.889,17.755,18.211,18.141,18.108,18.121,18.688,18.033,18.700,18.272,19.450,
269,18.333,17.222,18.889,20.000,17.200,17.778,,,,,,,,,18.946,18.167,,,18.773,18.769,17.748,18.137,18.319,18.071,18.238,18.271,17.913,18.858,18.019,19.406,
270,18.889,17.778,18.333,20.556,17.200,17.778,,,,,,,,,15.213,18.345,,,18.674,18.740,17.563,18.354,18.481,18.054,18.108,18.021,17.904,18.829,17.911,19.272,
271,18.333,17.778,18.333,20.556,17.200,17.778,,,,,,,,,10.479,18.609,,,18.437,18.764,17.375,18.572,18.539,18.054,17.892,17.804,17.550,18.846,17.728,18.961,
272,18.333,17.778,18.333,20.000,17.200,17.778,,,,,,,,,10.278,18.683,,,18.101,18.788,17.328,18.507,18.545,17.925,17.479,17.904,17.475,18.850,17.589,18.856,
273,18.333,17.778,18.333,20.000,16.700,18.300,,,,,,,,,10.278,17.366,,,17.671,18.703,17.181,18.481,,17.913,17.121,18.179,17.383,18.888,17.594,18.783,
274,18.333,18.333,18.333,20.000,16.700,18.333,,,,,,,,,10.278,16.500,,,17.268,18.508,17.081,18.481,,17.713,17.221,18.179,17.442,18.963,17.694,18.783,
275,18.333,17.778,18.333,19.400,16.700,17.800,,,,,,,,,10.278,,,,17.145,18.368,16.900,18.201,18.013,17.588,17.338,18.150,17.346,19.121,17.583,18.439,
276,17.778,17.778,17.778,19.444,16.700,17.778,,,,,,,,,10.278,,,,17.171,18.363,16.787,18.285,17.931,17.417,17.470,18.254,17.375,19.075,17.656,18.567,
277,17.778,17.778,17.778,19.444,16.700,,,,,,,,,,10.278,,,,17.313,18.262,16.735,18.144,17.771,17.246,17.388,18.433,17.367,19.050,17.700,18.361,
278,17.778,17.222,17.778,18.889,17.200,,,,,,,,,,10.278,,,,17.329,18.131,16.722,18.007,17.664,17.025,17.267,18.613,17.400,18.883,17.817,18.028,
279,17.778,17.222,17.222,18.900,17.200,,,,,,,,,,10.278,,,,17.313,18.163,16.722,17.926,17.449,17.008,17.158,18.525,17.296,18.888,17.950,17.944,
280,17.222,17.222,16.667,18.889,16.700,,,,,,,,,,10.278,,,,17.317,18.271,16.722,17.792,17.280,16.829,17.321,18.646,17.100,18.825,18.050,17.794,
281,17.778,17.222,16.667,18.889,16.700,,,,,,,,,,10.278,,,,17.167,18.324,16.475,17.697,17.081,16.746,17.329,18.538,16.946,18.746,18.211,17.778,
282,17.778,17.222,16.667,18.333,16.700,,,,,,,,,,10.278,,,,17.175,18.315,16.491,17.539,16.998,16.704,16.875,18.529,16.913,18.629,18.083,17.944,
283,17.222,17.222,16.667,18.333,16.700,,,,,,,,,,10.278,,,,17.212,18.269,16.431,17.405,17.016,16.663,16.729,18.492,16.671,18.463,18.017,18.011,
284,17.222,17.222,16.667,18.333,16.700,,,,,,,,,,10.278,,,,17.222,18.175,16.373,17.069,16.806,16.758,16.679,18.600,16.533,18.404,17.911,17.917,
285,17.222,17.222,16.111,18.333,16.700,,,,,,,,,,10.278,,,,17.103,18.049,16.426,16.891,16.398,16.779,16.642,18.600,16.329,18.179,17.725,17.683,
286,17.222,17.222,16.111,18.333,16.100,,,,,,,,,,10.278,,,,16.959,17.855,16.414,16.817,16.238,16.592,16.508,17.783,16.283,18.117,17.700,17.706,
287,17.222,16.667,16.111,18.333,16.100,,,,,,,,,,10.278,,,,16.998,17.800,16.331,16.722,16.120,16.359,16.321,17.158,16.238,17.971,17.761,17.722,
288,17.222,16.667,16.667,17.778,15.600,,,,,,,,,,10.278,,,,16.879,17.701,15.123,16.579,15.884,16.282,16.200,17.146,16.033,17.921,17.672,17.806,
289,16.667,16.111,16.667,17.778,15.600,,,,,,,,,,10.278,,,,17.002,17.467,13.903,16.176,15.921,16.313,16.354,17.300,16.113,17.683,17.600,17.767,
290,16.667,16.111,16.667,17.778,15.600,,,,,,,,,,10.278,,,,17.027,17.184,13.257,15.620,15.907,16.192,16.322,16.742,16.125,17.550,17.408,17.800,
291,17.222,15.556,16.111,17.778,15.600,,,,,,,,,,10.278,,,,16.936,17.082,12.174,16.021,15.796,16.092,16.138,16.542,16.046,17.421,17.322,17.639,
292,16.667,15.556,15.556,17.222,15.600,,,,,,,,,,10.278,,,,16.861,17.188,12.046,16.350,15.574,15.996,15.971,16.229,16.025,17.371,16.467,17.333,
293,16.667,15.556,15.556,17.222,15.600,,,,,,,,,,10.278,,,,16.833,17.187,14.145,16.315,15.535,15.883,15.854,16.088,16.025,17.254,17.356,17.106,
294,16.667,15.000,15.556,17.222,15.600,,,,,,,,,,10.278,,,,16.699,17.077,14.505,16.241,15.396,15.850,15.725,15.938,16.000,17.104,17.378,17.133,
295,16.667,15.000,15.556,17.222,15.600,,,,,,,,,,10.278,,,,16.652,16.829,14.438,16.215,15.313,15.938,15.713,15.804,16.000,16.779,17.344,17.161,
296,16.111,14.444,15.000,17.222,15.600,,,,,,,,,,10.278,,,,16.529,16.579,14.317,16.031,15.171,15.829,15.646,15.692,16.004,16.521,17.172,16.906,
297,16.111,14.444,15.000,17.222,15.600,,,,,,,,,,10.278,,,,16.439,16.464,13.979,16.039,15.130,15.767,15.679,15.717,15.804,16.254,16.850,16.828,
298,16.111,14.444,15.000,17.222,15.000,,,,,,,,,,10.278,,,,16.204,16.382,13.556,16.000,15.183,15.517,15.746,15.271,15.554,16.175,16.406,16.683,
299,16.111,14.444,14.444,17.222,15.000,,,,,,,,,,10.278,,,,16.027,16.262,13.299,16.047,15.218,15.438,15.563,14.721,15.346,15.967,16.228,16.439,
300,15.556,14.444,14.444,16.667,15.000,,,,,,,,,,10.278,,,,15.875,15.965,13.995,16.020,15.094,15.429,15.125,14.205,15.188,15.896,15.767,16.400,
301,15.556,14.444,14.444,17.222,14.400,,,,,,,,,,,,,,15.521,15.789,14.379,15.868,15.053,15.346,14.858,14.200,15.008,15.742,15.433,16.441,
302,15.556,14.444,14.444,17.222,14.400,,,,,,,,,,,,,,15.206,15.836,14.750,15.761,14.979,15.213,14.650,14.333,15.021,15.658,15.041,16.141,
303,15.556,14.444,14.444,16.667,13.900,,,,,,,,,,,,,,14.813,15.850,14.630,15.662,14.762,15.017,14.154,14.433,14.825,15.617,14.753,15.965,
304,15.000,14.444,13.889,16.667,14.400,,,,,,,,,,,,,,14.717,15.830,14.632,15.452,14.586,14.992,13.942,14.542,14.629,15.546,14.647,15.782,
305,15.000,13.333,13.889,16.667,13.900,,,,,,,,,,,,,,14.608,15.769,14.574,15.302,14.442,14.917,13.804,14.792,14.563,15.796,14.653,15.741,
306,,13.333,13.889,16.667,13.900,,,,,,,,,,,,,,14.561,15.597,14.356,15.167,14.354,14.692,13.721,14.804,14.421,15.788,14.700,15.812,
307,,13.333,13.333,16.111,13.900,,,,,,,,,,,,,,14.423,15.343,14.213,15.051,14.333,14.554,13.522,14.763,14.371,15.683,14.741,15.794,
308,,13.333,13.333,16.111,13.300,,,,,,,,,,,,,,14.133,15.431,14.257,15.030,14.333,14.458,13.492,14.729,14.263,15.467,14.806,15.589,
309,,13.333,13.333,16.111,13.300,,,,,,,,,,,,,,13.937,15.376,13.942,14.968,14.333,14.296,13.550,14.654,14.217,15.279,14.894,15.583,
310,,13.333,13.333,15.556,13.300,,,,,,,,,,,,,,13.920,15.350,13.785,14.833,13.211,13.929,13.550,14.638,13.954,14.908,14.939,15.400,
311,,13.333,13.333,16.111,12.800,,,,,,,,,,,,,,13.796,15.302,13.734,14.698,12.808,13.771,13.375,14.475,13.813,14.575,15.000,15.222,
312,,12.778,13.333,15.556,13.300,,,,,,,,,,,,,,13.526,15.111,13.852,14.607,12.889,13.396,13.438,14.238,13.613,14.521,13.994,15.072,
313,,12.778,13.333,,,,,,,,,,,,,,,,13.283,15.083,13.873,14.465,12.944,13.192,13.300,13.521,13.513,13.933,14.711,14.917,
314,,12.778,12.778,,,,,,,,,,,,,,,,13.258,14.771,13.762,14.349,12.944,12.954,13.188,13.192,13.229,13.832,14.767,14.739,
315,,12.778,12.778,,,,,,,,,,,,,,,,13.194,14.473,13.637,14.216,12.944,12.921,13.113,13.213,13.079,13.767,14.644,14.694,
316,,12.778,12.222,14.400,,,,,,,,,,,,,,,13.188,13.964,13.382,14.087,12.942,12.671,12.979,13.021,13.179,13.579,14.417,14.678,
317,,12.778,12.222,14.444,,,,,,,,,,,,,,,13.169,13.763,13.310,14.000,12.954,12.446,12.917,13.050,13.113,13.458,14.461,14.578,
318,,11.111,12.222,14.444,,,,,,,,,,,,,,,13.072,13.464,13.273,13.821,12.981,12.367,12.700,13.071,12.996,13.488,14.350,14.450,
319,,10.556,11.667,14.444,,,,,,,,,,,,,,,12.907,13.093,13.308,13.560,12.935,12.171,12.608,12.842,12.879,12.904,14.056,14.261,
320,,10.000,11.667,,,,,,,,,,,,,,,,12.677,13.119,13.007,13.494,12.831,12.204,12.558,12.558,12.367,13.258,13.861,14.111,
321,,11.111,,,,,,,,,,,,,,,,,12.484,12.924,12.817,13.282,12.759,12.158,12.421,12.533,11.950,13.321,13.739,13.950,
322,,,,,,,,,,,,,,,,,,,12.235,12.968,12.720,13.000,12.509,11.967,12.342,12.396,11.283,13.250,13.461,13.728,
323,,,,,,,,,,,,,,,,,,,12.070,13.021,12.468,12.778,12.479,11.829,12.179,12.175,10.800,12.958,13.328,13.433,
324,,,,,,,,,,,,,,,,,,,11.765,12.881,12.299,12.583,12.222,11.700,12.021,12.133,10.658,12.663,13.306,13.317,
325,,,,,,,,,,,,,,,,,,,11.355,12.787,11.977,12.328,12.069,11.667,11.738,11.900,10.963,12.433,13.128,12.989,
326,,,,,,,,,,,,,,,,,,,11.123,12.520,11.856,12.308,11.991,11.583,11.404,11.817,11.300,12.292,12.961,12.711,
327,,,,,,,,,,,,,,,,,,,10.944,12.200,11.757,12.178,11.942,11.533,11.188,11.646,11.250,12.046,12.761,12.667,
328,,,,,,,,,,,,,,,,,,,10.781,12.193,11.535,12.067,11.734,11.279,10.900,11.538,11.200,11.988,12.461,12.444,
329,,,,,,,,,,,,,,,,,,,10.698,12.258,11.245,11.988,11.391,11.242,10.717,11.438,11.196,11.858,12.311,12.178,
330,,,,,,,,,,,,,,,,,,,10.736,12.050,10.889,11.801,11.299,11.265,10.617,11.179,11.200,11.525,12.150,12.322,
331,,,,,,,,,,,,,,,,,,,10.587,11.804,10.870,11.741,10.914,11.238,10.279,10.917,10.967,11.346,12.106,12.328,
332,,,,,,,,,,,,,,,,,,,10.510,11.614,10.763,11.676,10.604,11.150,9.904,10.788,10.963,11.221,11.950,11.994,
333,,,,,,,,,,,,,,,,,,,10.489,11.108,10.722,11.380,10.611,11.100,9.796,10.633,10.946,10.658,11.767,11.633,
334,,,,,,,,,,,,,,,,,,,10.399,10.439,10.462,11.341,10.421,10.988,9.622,10.446,11.092,10.083,11.567,11.361,
335,,,,,,,,,,,,,,,,,,,10.357,9.971,10.437,11.268,10.146,10.946,9.508,10.104,10.846,9.892,11.311,11.361,
336,,,,,,,,,,,,,,,,,,,10.222,9.747,10.391,11.100,9.958,10.929,9.413,9.979,10.700,9.492,11.233,11.183,
337,,,,,,,,,,,,,,,,,,,9.828,9.571,10.271,10.921,9.891,10.592,9.304,9.758,10.508,9.275,10.750,10.972,
338,,,,,,,,,,,,,,,,,,,9.310,9.528,10.094,10.691,9.773,10.179,9.212,9.546,10.221,9.058,10.522,10.883,
339,,,,,,,,,,,,,,,,,,,8.997,9.717,10.171,10.574,9.757,9.896,9.200,9.367,9.896,9.058,10.633,10.783,
340,,,,,,,,,,,,,,,,,,,8.905,9.756,10.109,10.370,9.535,9.633,9.204,9.042,9.425,8.796,10.744,10.494,
341,,,,,,,,,,,,,,,,,,,8.560,9.728,9.973,10.093,9.301,9.458,9.237,8.796,9.475,8.521,10.644,10.400,
342,,,,,,,,,,,,,,,,,,,8.227,9.635,9.951,9.729,9.199,9.400,9.104,8.725,9.396,8.279,10.372,10.278,
343,,,,,,,,,,,,,,,,,,,8.197,9.533,9.979,9.352,9.278,9.263,9.013,8.638,9.346,8.300,9.900,10.022,
344,,,,,,,,,,,,,,,,,,,8.130,9.466,9.757,9.345,9.278,9.192,8.796,8.550,9.263,8.279,9.644,9.906,
345,,,,,,,,,,,,,,,,,,,8.175,9.280,9.579,9.252,9.000,9.075,8.679,8.346,9.083,7.983,9.628,9.817,
346,,,,,,,,,,,,,,,,,,,8.190,9.140,9.484,9.088,8.727,8.921,8.458,8.408,8.846,7.996,9.536,9.711,
347,,,,,,,,,,,,,,,,,,,8.167,8.894,9.181,9.028,8.673,8.771,8.154,8.354,8.717,7.863,9.450,9.589,
348,,,,,,,,,,,,,,,,,,,7.975,8.769,9.014,8.782,8.705,8.779,7.950,8.096,8.667,7.854,9.156,9.478,
349,,,,,,,,,,,,,,,,,,,7.927,8.566,8.801,8.493,8.731,8.654,7.792,7.921,8.404,7.683,8.972,9.389,
350,,,,,,,,,,,,,,,,,,,7.957,8.411,8.650,8.470,8.613,8.542,7.613,7.758,8.379,7.333,8.817,9.194,
351,,,,,,,,,,,,,,,,,,,7.827,8.134,8.414,8.053,8.502,8.554,7.492,7.529,8.158,7.000,8.817,8.989,
352,,,,,,,,,,,,,,,,,,,7.732,7.884,8.220,7.722,8.356,8.454,7.321,7.383,7.892,6.725,8.844,7.894,
353,,,,,,,,,,,,,,,,,,,7.386,7.775,7.954,7.639,8.280,8.400,7.167,7.417,7.533,6.200,8.667,8.783,
354,,,,,,,,,,,,,,,,,,,7.042,7.649,7.799,7.639,8.176,8.329,7.013,7.421,7.179,5.858,8.494,8.789,
355,,,,,,,,,,,,,,,,,,,6.798,7.553,7.608,7.595,7.738,8.142,6.821,7.258,7.000,5.383,8.322,8.683,
356,,,,,,,,,,,,,,,,,,,6.505,7.505,7.454,7.475,7.644,7.867,6.892,7.238,6.946,4.871,8.294,8.600,
357,,,,,,,,,,,,,,,,,,,6.376,7.486,7.502,7.516,7.352,7.808,7.025,7.038,6.654,4.892,8.139,8.522,
358,,,,,,,,,,,,,,,,,,,6.251,7.432,7.498,7.287,6.859,7.554,7.104,6.771,6.496,4.979,7.844,8.450,
359,,,,,,,,,,,,,,,,,,,6.104,7.202,7.315,7.127,6.745,7.246,7.067,6.508,6.346,4.983,7.800,8.317,
360,,,,,,,,,,,,,,,,,,,6.087,6.682,6.986,6.866,6.560,7.025,6.858,6.237,5.904,5.142,7.528,8.061,
361,,,,,,,,,,,,,,,,,,,5.965,6.411,6.859,6.512,6.423,6.846,6.617,6.187,5.433,5.200,7.533,7.878,
362,,,,,,,,,,,,,,,,,,,5.831,6.500,6.773,6.451,6.373,6.775,6.454,5.988,5.025,5.271,7.589,7.633,
363,,,,,,,,,,,,,,,,,,,5.630,6.190,6.720,6.292,6.255,6.646,6.263,5.975,4.867,5.125,7.678,7.756,
364,,,,,,,,,,,,,,,,,,,5.513,5.707,6.537,6.273,6.132,6.442,6.104,6.042,4.863,5.025,7.500,7.667,
365,,,,,,,,,,,,,,,,,,,5.405,5.595,6.218,6.215,5.970,6.325,6.070,5.988,4.700,5.013,7.511,7.561,
366,,,,,,,,,,,,,,,,,,,,,,6.023,,,,5.946,,,,7.422,
Notes:
1995-2025 Wells Daily Average Temperature (C)
Generated 03 Feb 2025 10:47:15 PST. DART Columbia Basin Conditions All Years www.cbr.washington.edu/dart/query/basin_conditions_hist.

"DART Data Citation. Columbia River DART, Columbia Basin Research, University of Washington. (2025). Columbia Basin Conditions All Years. Available from https://www.cbr.washington.edu/dart/query/basin_conditions_hist."
