day,2005,2006,2007,2008,2009,2010,2011,2012,2013,2014,2015,2016,2017,2018,2019,2020,2021,2022,2023,2024
1,,5.261,,,,,,,,,,,,,,,,,,
2,,5.126,,,,,,,,,,,,,,,,,,
3,,5.120,,,,,,,,,,,,,,,,,,
4,,4.921,,,,,,,,,,,,,,,,,,
5,,4.705,,,,,,,,,,,,,,,,,,
6,,4.664,,,,,,,,,,,,,,,,,,
7,,4.720,,,,,,,,,,,,,,,,,,
8,,4.751,,,,,,,,,,,,,,,,,,
9,,4.721,,,,,,,,,,,,,,,,,,
10,,4.813,,,,,,,,,,,,,,,,,,
11,,5.095,,,,,,,,,,,,,,,,,,
12,,5.093,,,,,,,,,,,,,,,,,,
13,,5.320,,,,,,,,,,,,,,,,,,
14,,5.375,,,,,,,,,,,,,,,,,,
15,,5.183,,,,,,,,,,,,,,,,,,
16,,5.108,,,,,,,,,,,,,,,,,,
17,,4.975,,,,,,,,,,,,,,,,,,
18,,4.835,,,,,,,,,,,,,,,,,,
19,,4.757,,,,,,,,,,,,,,,,,,
20,,4.656,,,,,,,,,,,,,,,,,,
21,,4.598,,,,,,,,,,,,,,,,,,
22,,4.525,,,,,,,,,,,,,,,,,,
23,,4.560,,,,,,,,,,,,,,,,,,
24,,4.405,,,,,,,,,,,,,,,,,,
25,,4.138,,,,,,,,,,,,,,,,,,
26,,3.942,,,,,,,,,,,,,,,,,,
27,,3.815,,,,,,,,,,,,,,,,,,
28,,3.748,,,,,,,,,,,,,,,,,,
29,,3.727,,,,,,,,,,,,,,,,,,
30,,3.933,,,,,,,,,,,,,,,,,,
31,,4.106,,,,,,,,,,,,,,,,,,
32,,4.164,,,,,,,,,,,,,,,,,,
33,,4.296,,,,,,,,,,,,,,,,,,
34,,4.233,,,,,,,,,,,,,,,,,,
35,,4.370,,,,,,,,,,,,,,,,,,
36,,4.432,,,,,,,,,,,,,,,,,,
37,,4.360,,,,,,,,,,,,,,,,,,
38,,4.153,,,,,,,,,,,,,,,,,,
39,,4.113,,,,,,,,,,,,,,,,,,
40,,4.109,,,,,,,,,,,,,,,,,,
41,,4.003,,,,,,,,,,,,,,,,,,
42,,3.866,,,,,,,,,,,,,,,,,,
43,,3.849,,,,,,,,,,,,,,,,,,
44,,3.830,,,,,,,,,,,,,,,,,,
45,,3.759,,,,,,,,,,,,,,,,,,
46,,3.667,,,,,,,,,,,,,,,,,,
47,,3.597,,,,,,,,,,,,,,,,,,
48,,3.307,,,,,,,,,,,,,,,,,,
49,,3.114,,,,,,,,,,,,,,,,,,
50,,2.790,,,,,,,,,,,,,,,,,,
51,,2.276,,,,,,,,,,,,,,,,,,
52,,2.400,,,,,,,,,,,,,,,,,,
53,,2.792,,,,,,,,,,,,,,,,,,
54,,3.120,,,,,,,,,,,,,,,,,,
55,,3.460,,,,,,,,,,,,,,,,,,
56,,3.653,,,,,,,,,,,,,,,,,,
57,,3.832,,,,,,,,,,,,,,,,,,
58,,3.793,,,,,,,,,,,,,,,,,,
59,,3.657,,,,,,,,,,,,,,,,,,
60,,3.719,,,,,,,,,,,,,,,,,,
61,,4.030,,,,,,,,,,,,,,,,,,
62,,4.191,,,,,,4.120,,,,,,,,,,,,
63,,4.212,,,,,,4.138,,,,,,,,,,,,
64,,4.314,,,,,,4.262,,,,,,,,,,,,
65,,4.357,,,,,,4.439,,,,,,,,,,,,
66,,4.506,,,,,,4.518,,,,,,,,,,,,
67,,4.513,,,,,,4.664,,,,,,,,,,,,
68,,4.301,,,,,,4.883,,,,,,,,,,,,
69,,4.393,,,,,3.739,4.885,,4.850,,,,,,,,,,
70,,4.242,,,,5.944,3.860,4.807,,4.966,,,,,,,,,,
71,,4.170,,,,5.968,4.004,4.724,,4.988,,,,,,,,,,5.619
72,,4.360,,,,5.809,4.016,4.744,,5.026,,,,,,,,,,5.724
73,6.641,4.544,,,,5.797,4.113,4.983,,5.113,,,5.004,,,,,,,5.717
74,6.456,4.774,,,,5.903,4.140,5.048,,5.099,,,4.893,,,,,,,6.053
75,6.299,4.918,,,,5.766,4.082,5.006,,5.176,,,4.971,,,,,,,6.311
76,6.326,5.019,,,,5.974,4.255,5.046,,5.233,,,5.542,,,,,,,6.451
77,6.363,5.192,,,,6.129,4.299,5.098,,5.520,,,5.618,,,,,,,6.555
78,6.450,5.223,,,,6.600,4.444,5.260,,5.518,,,5.503,,,,,,,6.705
79,6.292,5.498,,,,6.894,4.627,5.260,,5.382,,,5.633,,,,,,6.613,6.872
80,6.337,5.652,,,,6.915,4.812,5.246,,5.304,,,5.537,6.234,,,,5.712,5.353,7.003
81,6.355,5.782,,,,6.751,4.906,5.147,,5.103,,,5.277,6.126,,,,5.678,5.467,7.165
82,6.201,6.107,,,5.386,6.723,5.032,5.125,,5.242,7.329,6.764,5.313,6.014,,,,5.991,5.668,7.514
83,6.228,6.095,,,5.608,7.052,4.959,5.077,,5.213,7.385,6.863,5.492,5.877,,,,6.306,5.768,7.802
84,6.225,6.249,,,5.645,7.123,5.043,4.965,,5.251,7.296,7.013,5.786,5.890,,,,6.417,5.752,8.018
85,6.238,6.170,5.829,5.432,5.765,7.147,5.160,5.233,6.356,5.294,7.202,7.195,6.086,5.975,6.161,,,6.768,5.793,7.709
86,5.976,6.253,5.844,5.712,5.955,7.330,5.303,5.433,6.694,5.363,7.573,7.593,6.452,6.041,6.443,6.788,,7.010,6.093,7.545
87,5.934,6.468,5.746,5.547,5.768,7.489,5.355,5.559,6.821,5.479,7.777,7.833,6.534,6.129,6.271,6.750,,7.039,6.349,7.734
88,6.152,6.510,6.115,5.514,5.561,7.647,5.465,5.763,7.150,5.657,7.905,7.769,6.586,6.196,6.655,6.698,,7.256,6.199,7.793
89,6.329,6.670,6.387,5.375,5.600,7.647,5.650,5.650,7.578,5.707,8.486,7.870,6.587,6.598,6.618,6.751,,7.500,6.175,7.952
90,6.627,7.038,6.413,5.263,5.558,7.499,6.239,5.861,7.704,5.950,8.510,7.973,6.798,6.730,6.956,6.987,,7.473,6.340,8.083
91,6.805,7.405,6.435,5.154,5.628,7.463,6.818,5.826,7.634,6.282,8.388,8.198,7.218,6.777,7.358,7.144,,7.693,6.319,7.942
92,6.703,7.388,6.426,5.218,5.795,7.555,7.040,5.688,7.688,6.260,8.465,8.373,7.398,6.682,7.590,7.316,,7.838,6.295,7.928
93,6.918,7.335,6.488,5.529,5.804,7.435,7.115,5.663,8.014,6.507,8.518,8.617,7.531,6.558,7.760,7.441,,7.746,6.353,8.319
94,6.938,7.151,6.897,5.634,5.925,7.370,7.104,5.720,8.480,6.871,8.659,8.871,7.524,6.527,7.968,7.444,,7.973,6.483,8.468
95,7.120,7.046,6.609,5.806,6.072,7.477,6.835,6.143,8.589,6.934,8.620,9.095,7.716,6.551,8.400,7.536,,8.075,6.681,8.449
96,7.585,6.858,6.825,5.760,6.271,7.581,6.877,6.274,8.618,7.198,8.426,9.486,7.697,6.674,8.550,7.585,,8.287,6.963,8.468
97,7.635,6.929,7.043,6.105,6.903,7.543,6.723,6.731,8.423,7.417,8.360,9.783,7.534,6.928,8.466,7.669,,8.538,7.253,8.599
98,7.624,7.300,7.256,6.307,7.215,7.657,6.691,6.705,8.525,7.812,8.327,9.858,7.633,7.212,8.462,7.822,,8.344,7.304,8.527
99,7.904,7.593,7.511,6.302,7.506,7.737,6.972,6.804,8.634,8.097,8.740,9.905,7.641,7.211,8.539,8.438,,8.274,7.455,8.711
100,8.078,7.724,7.779,6.358,7.872,7.809,6.961,7.275,8.586,8.388,8.860,9.999,7.582,7.690,8.428,8.693,,8.191,7.598,9.032
101,8.481,7.621,8.048,6.517,8.156,8.016,7.010,7.370,8.429,8.573,9.001,10.290,7.717,8.033,8.782,8.893,,8.128,7.727,9.154
102,8.551,7.807,8.022,6.657,8.034,8.283,7.242,7.328,8.390,8.438,8.917,10.483,7.792,8.085,9.184,8.974,,8.059,7.871,9.809
103,8.695,8.030,8.078,7.208,7.980,8.202,7.345,7.256,8.320,8.715,8.935,10.628,7.866,8.097,9.496,9.253,8.495,7.972,7.914,9.774
104,8.882,8.175,8.369,7.576,7.758,8.438,7.350,7.518,8.229,8.899,8.870,10.742,8.006,8.140,9.105,9.553,8.390,7.587,8.179,9.628
105,8.860,7.903,8.387,7.860,7.553,8.648,7.207,7.733,8.239,8.946,8.908,10.869,8.008,8.368,8.923,9.927,8.680,7.358,8.435,9.644
106,8.852,7.840,8.354,7.977,7.621,9.022,7.297,8.054,8.085,8.814,9.260,10.678,8.056,8.636,8.623,9.742,9.163,7.459,8.575,9.808
107,8.680,8.034,8.236,8.008,7.946,9.200,7.388,8.251,8.050,8.918,9.252,10.548,8.235,8.629,8.705,9.976,9.141,7.314,8.559,9.866
108,8.640,8.153,8.368,8.240,7.940,9.512,7.670,8.344,8.165,8.762,9.869,10.617,8.489,8.494,8.913,9.985,9.602,7.489,8.691,10.219
109,8.968,8.372,8.472,8.290,8.215,10.381,7.873,8.326,8.447,8.632,10.095,10.763,8.688,8.646,9.254,10.198,9.720,7.522,8.635,10.787
110,9.195,8.486,8.530,8.169,8.345,10.133,8.117,8.544,8.578,8.775,10.324,10.927,8.950,8.967,9.759,10.093,10.231,7.782,8.497,10.522
111,9.597,8.516,8.777,8.235,8.559,10.420,8.077,8.751,8.830,8.707,10.580,10.986,9.195,9.188,10.063,10.194,10.426,7.929,8.602,10.341
112,9.855,8.698,8.770,8.388,9.004,10.513,8.154,9.051,9.158,8.732,10.593,10.823,9.213,9.325,10.475,10.324,10.522,8.185,8.591,
113,10.060,8.768,8.963,8.593,9.095,10.700,8.347,9.358,9.431,8.724,10.936,10.896,9.504,9.585,10.854,10.669,10.455,8.278,8.981,
114,10.185,8.870,9.016,8.404,9.083,10.768,8.577,9.585,9.384,8.880,10.868,10.875,9.611,9.596,11.011,10.769,10.463,8.559,9.010,11.114
115,10.228,9.299,9.486,8.566,8.754,10.785,8.687,9.985,9.563,8.926,10.798,10.933,9.659,9.886,11.061,10.983,10.448,9.135,9.348,11.055
116,10.516,9.635,9.872,8.619,8.691,10.880,8.635,10.211,9.692,9.167,10.737,11.047,9.732,10.225,10.898,11.111,10.492,9.246,9.668,11.135
117,10.931,9.851,9.961,8.838,9.020,10.764,8.547,10.204,10.011,9.191,11.115,11.153,9.696,10.413,10.863,11.069,10.430,9.598,10.141,11.006
118,11.022,10.300,10.176,8.927,8.916,10.889,8.613,10.203,10.093,9.298,11.311,11.372,9.762,10.506,10.623,11.283,10.666,9.612,10.835,11.339
119,11.374,10.745,10.538,8.989,8.881,10.523,8.570,10.444,10.188,9.613,11.420,11.342,9.986,10.666,10.425,11.260,10.875,9.673,10.966,11.251
120,11.052,10.875,10.615,9.299,8.505,10.185,8.618,10.864,10.246,9.994,11.819,11.341,10.146,10.978,10.421,11.662,11.177,10.069,11.196,11.071
121,11.508,10.807,10.808,9.427,8.873,10.328,8.893,10.814,10.435,10.365,12.090,11.425,10.251,11.129,10.219,11.448,11.373,9.808,7.693,10.823
122,11.551,10.734,10.841,9.479,8.945,10.348,9.188,10.526,10.553,10.598,12.363,11.755,10.345,11.332,10.213,11.252,11.473,10.204,6.765,10.717
123,11.728,10.665,10.752,9.676,9.124,10.539,9.163,10.200,10.520,10.896,12.841,12.053,10.420,11.275,10.274,11.702,11.745,9.961,11.675,10.832
124,11.998,10.788,10.495,9.474,9.234,10.548,9.130,9.998,10.876,11.118,12.664,12.135,10.993,11.435,10.492,11.855,11.948,10.332,11.640,10.981
125,12.245,11.049,10.592,9.661,9.260,10.720,9.525,9.828,11.139,11.330,12.553,12.508,11.014,11.573,10.742,11.718,12.344,10.598,11.654,11.219
126,12.181,11.460,10.624,9.903,9.620,10.751,9.775,9.733,11.867,11.190,12.474,12.682,10.979,11.386,11.085,11.729,12.093,10.895,11.648,11.123
127,12.046,11.404,10.863,10.153,9.958,10.673,9.889,9.943,12.115,11.231,12.623,12.905,10.966,11.353,11.349,11.693,11.998,11.013,11.713,11.117
128,12.073,11.217,11.341,10.512,10.090,10.441,10.144,10.338,12.319,11.435,12.863,13.148,11.251,11.585,11.590,11.691,11.638,10.713,11.702,11.081
129,12.454,11.223,11.861,10.801,10.551,10.802,10.433,10.515,12.630,11.498,13.367,13.491,11.509,11.585,11.815,11.610,11.700,10.804,11.708,11.258
130,12.520,11.463,11.898,11.068,10.917,10.797,10.183,10.934,12.786,11.441,13.348,13.508,11.850,11.530,11.968,11.731,11.835,10.965,11.496,11.828
131,12.398,11.341,12.207,11.101,11.033,10.995,10.494,11.164,13.130,11.603,13.290,13.543,12.069,11.763,12.147,11.915,12.126,11.240,11.416,12.139
132,12.384,11.530,12.329,11.087,10.979,11.153,11.182,11.182,13.198,11.873,13.300,13.492,11.632,12.098,12.392,11.842,12.401,11.193,11.408,12.647
133,12.565,11.724,12.457,10.890,10.949,11.248,11.263,11.458,13.266,12.163,13.374,13.768,11.234,12.101,12.799,11.785,12.663,10.976,11.653,12.823
134,12.987,12.205,12.488,10.991,10.988,11.455,11.318,11.813,13.012,12.333,13.314,14.428,11.106,12.231,13.321,11.748,12.471,10.958,11.816,13.046
135,13.174,12.570,12.427,10.961,11.018,11.667,11.578,12.328,12.894,12.664,13.105,14.478,11.168,12.429,13.178,11.891,12.504,11.172,12.169,13.551
136,13.081,12.992,12.538,11.261,11.535,11.805,11.443,12.577,12.984,12.830,12.878,14.353,11.282,12.512,12.846,12.101,12.689,11.248,12.354,13.804
137,12.870,13.421,12.745,11.804,11.912,12.258,11.263,12.856,13.010,12.727,13.268,13.951,11.242,12.591,12.529,12.157,12.970,11.391,12.715,13.861
138,12.618,13.755,12.883,12.318,12.068,12.440,11.267,13.121,12.852,12.733,13.804,14.030,11.245,12.777,12.402,12.258,13.144,11.570,12.735,13.897
139,12.618,13.834,13.045,12.566,12.448,12.709,11.499,13.286,12.621,12.630,14.300,14.360,11.462,12.945,12.559,12.404,13.276,11.309,13.261,13.837
140,12.680,14.142,13.211,12.689,12.565,12.643,11.656,13.137,12.757,12.751,14.305,14.640,11.616,13.106,12.857,12.298,13.313,10.964,13.663,13.822
141,12.714,14.353,13.025,12.672,12.910,12.639,11.458,13.093,12.910,12.895,14.408,14.475,11.967,13.273,12.810,12.373,12.994,11.082,14.088,13.785
142,12.715,14.229,12.705,12.328,12.696,12.452,11.327,12.880,12.508,13.135,14.570,14.043,12.295,13.342,12.514,12.076,12.905,11.350,13.948,13.709
143,12.905,13.583,12.982,12.077,12.837,12.398,11.241,12.549,12.178,13.423,14.560,13.928,12.616,13.591,12.438,12.015,12.892,11.728,13.683,13.678
144,13.232,13.357,13.172,12.141,13.182,12.394,11.322,12.265,12.405,13.540,14.940,13.948,12.942,13.703,12.721,11.998,12.893,12.100,13.707,13.370
145,13.450,13.132,13.515,12.085,13.563,12.881,11.674,12.263,12.629,13.640,15.482,14.155,12.913,13.879,12.759,12.137,13.090,12.249,14.000,13.249
146,13.510,12.768,13.590,11.855,13.520,13.006,11.896,12.334,12.727,13.575,15.824,14.612,12.795,14.019,12.767,12.605,13.501,12.612,14.172,13.186
147,13.774,12.535,13.623,12.038,13.346,13.027,12.028,12.219,12.751,13.428,15.848,14.909,13.173,14.047,13.134,12.743,13.920,12.712,14.478,13.071
148,14.049,12.332,13.596,12.022,13.635,13.020,11.995,12.215,12.699,13.426,15.875,14.845,13.684,14.284,13.383,13.152,13.843,12.489,14.616,13.472
149,14.053,12.468,13.850,12.056,13.772,12.798,11.764,12.399,12.939,13.321,16.166,14.862,14.056,14.556,13.709,13.291,13.906,12.322,14.975,13.688
150,14.193,12.753,14.058,12.064,13.850,12.706,11.829,12.856,13.025,13.500,16.167,15.202,14.131,14.520,14.184,13.527,13.941,12.001,15.064,13.848
151,14.693,13.258,14.321,12.216,14.000,12.894,12.003,13.124,13.058,13.578,16.380,15.407,14.039,14.286,14.420,13.548,14.105,11.876,15.080,13.481
152,14.836,13.535,14.657,12.800,14.200,12.997,12.095,13.139,13.397,13.854,16.515,15.835,13.670,14.176,14.556,13.563,14.325,12.368,15.082,13.605
153,14.784,13.843,14.990,13.101,14.218,13.143,11.993,13.273,13.859,14.219,16.608,15.744,13.629,14.147,14.703,13.603,14.694,12.829,15.258,13.699
154,14.660,13.952,15.293,13.360,14.380,13.090,12.006,13.576,14.194,14.288,16.410,15.703,13.900,14.434,14.989,13.838,14.993,13.220,15.470,13.827
155,14.739,14.125,15.464,13.305,14.603,12.838,12.355,14.043,14.765,14.564,16.474,15.799,14.110,14.728,15.268,14.211,15.188,13.417,15.770,13.826
156,14.963,14.333,15.583,13.121,14.492,13.235,12.744,14.097,14.961,14.894,16.817,16.324,13.938,14.794,15.561,14.305,15.305,13.208,16.217,13.863
157,15.078,14.625,15.376,13.046,14.561,13.730,12.970,13.760,15.238,15.017,17.268,16.635,14.101,14.863,15.690,14.353,15.265,13.148,16.633,13.898
158,15.058,14.778,14.922,12.891,14.488,14.010,13.135,13.335,15.426,15.123,17.360,16.957,14.292,14.890,15.425,14.230,14.909,13.213,16.746,14.343
159,15.039,14.897,14.780,12.588,14.476,14.070,13.277,13.177,15.763,15.212,17.598,17.243,14.325,15.014,15.078,14.013,14.467,13.446,16.792,14.941
160,15.514,14.953,14.863,12.554,14.592,13.789,13.178,13.288,16.001,15.475,18.005,17.576,14.246,15.173,15.135,13.700,14.554,13.690,16.861,15.350
161,15.758,15.210,14.858,12.820,14.649,13.430,13.413,13.259,16.237,15.725,18.179,17.573,14.325,14.980,15.612,13.790,14.818,13.718,16.941,15.559
162,15.864,15.506,14.652,12.744,14.873,13.464,13.519,13.173,16.235,15.811,18.142,17.412,14.420,14.779,16.188,13.883,15.086,13.495,17.259,15.519
163,15.615,15.559,14.669,12.576,15.261,13.730,13.443,13.266,15.956,15.784,18.155,17.262,14.670,15.227,16.374,14.243,15.398,13.254,17.478,15.599
164,15.765,15.308,14.970,12.629,15.604,14.094,13.402,13.577,15.861,15.708,18.383,17.256,14.688,15.356,16.555,14.654,15.520,12.993,17.764,15.627
165,15.867,15.131,15.000,13.069,15.722,14.360,13.371,13.852,15.855,15.360,18.637,17.274,14.766,15.514,16.670,14.763,15.708,12.938,18.070,15.768
166,15.698,15.135,15.081,13.637,15.557,14.451,13.456,14.121,16.137,15.285,18.925,17.281,14.769,15.968,16.802,14.670,16.041,13.131,18.129,15.761
167,15.785,15.277,15.345,13.909,15.650,14.303,13.390,14.443,16.085,15.162,18.848,17.063,14.720,16.281,16.880,14.578,16.258,13.293,17.993,15.652
168,15.554,15.224,15.381,14.130,15.985,13.988,13.597,14.423,16.380,15.291,18.677,16.881,14.704,16.560,17.029,14.575,16.330,13.341,17.657,15.472
169,15.749,15.351,15.281,14.424,16.288,14.060,13.724,14.755,16.555,14.944,18.744,17.026,15.076,16.551,17.054,14.426,16.478,13.239,17.630,15.432
170,15.848,15.533,15.750,14.527,16.684,14.260,13.782,14.940,16.428,14.947,18.804,16.958,15.630,16.450,17.322,14.662,16.870,13.078,17.355,15.371
171,16.404,15.777,16.212,14.528,16.630,14.592,13.878,14.802,15.907,15.418,19.090,16.824,15.856,16.751,17.359,15.121,17.165,13.201,17.225,15.776
172,16.677,15.797,16.298,14.753,16.569,14.417,14.162,14.722,15.509,15.755,19.324,16.839,16.103,17.202,17.306,15.395,17.421,13.638,16.930,15.776
173,17.133,15.890,16.463,14.910,16.372,14.329,14.471,14.897,15.902,15.942,19.599,16.900,16.442,17.547,17.091,15.435,17.600,14.181,16.963,16.224
174,17.146,16.210,16.553,15.098,16.453,14.728,14.543,15.166,16.178,15.958,19.558,17.581,16.531,17.768,16.765,15.795,17.681,14.696,17.005,16.670
175,17.155,16.398,16.541,15.304,16.340,15.106,14.548,15.270,16.088,16.270,19.644,17.605,16.652,18.056,16.916,16.289,17.967,14.940,17.435,16.726
176,17.135,16.643,16.432,15.601,16.368,15.410,14.448,15.350,15.891,16.600,19.617,17.647,17.041,18.153,17.478,16.505,18.294,15.218,17.713,16.952
177,17.205,16.963,16.788,15.570,16.570,15.646,14.531,15.408,15.668,16.822,19.701,17.507,17.282,18.154,17.709,16.658,18.885,15.488,18.012,17.476
178,17.399,17.243,16.540,15.472,16.935,15.810,14.833,15.168,15.884,16.783,20.047,17.776,17.473,18.227,17.862,16.825,19.300,15.673,18.323,17.522
179,17.258,17.563,16.938,15.530,17.032,15.939,14.960,14.864,16.232,16.697,20.293,17.955,17.580,18.252,17.845,16.993,19.283,15.804,18.676,17.524
180,17.218,17.642,16.901,15.722,17.095,16.281,15.130,14.902,16.620,16.565,20.342,18.235,17.827,18.166,17.732,16.900,19.960,15.826,18.818,17.503
181,17.310,17.461,17.028,16.114,17.371,16.409,15.077,15.011,17.107,16.721,20.610,18.529,18.031,18.120,17.719,16.619,19.982,15.990,18.868,17.528
182,17.735,17.567,17.228,16.358,17.413,16.331,15.048,14.970,17.488,17.094,21.019,18.752,18.177,18.103,17.990,16.483,19.794,16.209,19.033,17.467
183,18.043,17.987,17.219,16.633,17.527,16.062,15.113,14.893,17.792,17.313,21.453,19.154,18.327,17.998,18.107,16.423,19.810,16.540,19.290,17.763
184,18.122,18.554,17.614,16.746,17.729,16.060,15.305,15.200,18.079,17.550,21.766,19.316,18.564,17.943,18.443,16.322,19.761,16.805,19.701,17.661
185,18.083,18.738,17.803,16.800,18.040,16.122,15.643,15.550,18.413,17.670,21.522,19.240,18.885,18.076,18.447,16.357,19.871,16.815,20.039,17.921
186,18.225,19.143,18.413,17.020,18.145,16.200,15.820,15.763,18.358,17.762,21.467,19.330,19.077,17.837,18.389,16.651,20.068,17.109,19.988,18.156
187,18.300,19.307,18.850,17.096,18.414,16.671,15.993,15.869,18.467,17.965,21.546,19.419,19.247,18.089,18.488,16.763,20.438,17.141,19.951,18.493
188,18.669,19.445,18.928,17.103,18.849,17.268,16.032,15.939,18.588,18.410,21.747,19.515,19.399,17.993,18.754,16.877,20.491,16.992,19.877,18.399
189,18.924,19.513,19.015,17.429,18.920,17.717,16.050,16.202,18.666,18.702,21.681,19.484,19.671,18.632,18.814,16.996,20.660,17.010,19.936,18.500
190,19.128,19.511,19.279,17.738,18.765,17.754,16.179,16.694,19.088,18.903,21.810,19.249,19.747,19.075,18.845,17.213,20.698,17.173,19.979,18.844
191,19.030,19.442,19.566,17.907,18.864,18.094,16.226,16.843,19.281,19.205,21.882,19.289,19.849,18.964,19.102,17.585,20.757,17.324,20.077,19.378
192,18.867,19.685,20.025,17.959,18.902,18.256,16.303,16.791,19.378,19.412,22.099,19.107,19.947,19.324,19.087,17.826,20.802,17.525,20.445,19.511
193,19.010,19.880,20.103,18.084,19.185,18.386,16.334,17.156,19.437,19.558,22.170,19.005,20.165,19.582,19.298,17.897,20.935,17.688,20.763,19.445
194,19.438,19.601,20.115,18.158,19.368,18.610,16.492,17.532,19.335,19.416,21.949,19.148,20.243,19.647,19.474,18.005,21.242,17.831,20.859,19.680
195,19.378,19.514,20.051,18.128,19.421,18.840,16.672,17.798,19.193,19.410,21.879,19.194,20.038,19.840,19.797,18.118,21.511,17.994,21.065,19.876
196,19.218,19.612,20.027,18.098,19.338,18.731,16.681,17.748,19.248,19.562,21.819,19.525,20.097,20.340,20.084,18.154,21.457,18.093,20.947,20.183
197,19.368,19.913,20.175,18.384,19.378,18.663,16.635,17.770,19.266,19.719,21.854,19.543,20.176,20.430,20.129,18.104,21.193,18.410,20.972,20.338
198,19.458,20.052,20.237,18.609,19.767,18.662,16.797,17.738,19.325,19.862,21.772,19.819,20.388,20.380,20.197,18.266,20.982,18.491,21.105,20.538
199,19.585,19.945,20.175,18.791,19.853,18.751,17.036,17.806,19.360,19.940,21.569,20.030,20.517,20.492,20.368,18.443,20.767,18.735,21.235,20.591
200,19.617,20.070,19.780,18.879,19.913,19.029,17.187,17.964,19.606,19.832,21.498,19.907,20.552,20.562,20.250,18.743,20.768,18.953,21.134,20.652
201,19.838,20.176,19.710,19.071,20.204,19.277,17.063,18.355,20.080,19.980,21.306,19.848,20.100,20.532,20.226,18.978,20.750,18.967,21.055,20.684
202,20.167,20.340,19.609,19.200,20.570,19.386,17.023,18.575,20.134,19.986,21.473,19.888,20.053,20.643,20.195,19.364,20.755,19.273,20.893,20.532
203,20.365,20.442,19.933,19.238,20.870,19.411,17.052,18.348,20.170,20.190,21.480,19.857,20.195,20.610,20.249,19.782,20.750,19.545,20.890,20.616
204,20.350,20.731,19.955,19.125,20.640,19.789,17.390,18.323,20.270,20.080,21.384,19.743,20.410,20.759,20.140,19.863,20.934,19.693,21.045,20.653
205,20.387,20.858,20.121,19.095,20.863,20.010,17.651,18.338,20.520,19.669,21.264,20.181,20.761,20.708,20.157,19.974,20.943,19.884,21.120,20.906
206,20.406,21.094,20.581,19.096,20.975,19.952,17.750,18.123,20.761,19.478,21.189,20.408,21.102,20.847,20.555,19.940,21.006,20.059,21.348,20.886
207,20.598,21.388,20.795,19.309,21.065,19.876,17.848,18.328,20.993,19.317,21.165,20.513,21.106,21.050,20.813,19.992,21.028,20.189,21.387,20.561
208,20.782,21.284,20.676,19.544,21.498,20.046,17.990,18.568,21.177,19.431,20.894,20.605,21.030,21.067,20.735,20.036,21.164,20.418,21.251,20.412
209,20.620,21.044,20.465,19.721,21.612,20.630,18.172,18.790,21.231,19.724,20.725,20.778,21.075,21.343,20.883,20.223,21.404,20.618,21.158,20.411
210,20.708,21.022,20.249,19.708,21.938,20.609,18.346,18.957,21.137,19.875,20.742,21.150,21.191,21.586,20.805,20.303,21.441,20.867,21.181,20.296
211,20.769,20.728,20.523,19.825,22.244,20.818,18.650,19.120,21.085,20.087,20.971,21.353,21.241,21.898,20.730,20.372,21.482,21.117,21.124,20.079
212,20.981,20.324,20.764,19.817,22.108,20.520,18.800,19.187,21.209,20.568,21.027,21.349,21.303,21.777,21.006,20.812,21.573,21.218,21.421,20.057
213,21.016,20.336,20.961,19.859,22.160,20.736,19.033,19.259,21.008,20.971,21.171,21.430,21.565,21.641,21.096,20.746,21.735,21.294,21.431,20.132
214,21.167,20.388,21.046,19.465,22.163,20.800,19.274,19.355,20.738,21.213,21.340,21.525,21.873,21.517,21.089,20.957,22.270,21.091,21.396,20.176
215,21.225,20.622,20.661,19.548,21.932,20.935,19.250,19.548,20.573,21.260,21.505,21.355,21.829,21.433,21.053,20.867,22.122,20.980,21.408,20.698
216,21.285,20.660,20.679,19.759,21.840,21.213,19.566,19.728,20.768,21.437,21.638,21.110,21.710,21.300,21.285,20.720,22.159,20.775,21.304,20.755
217,21.175,20.820,20.828,19.923,21.994,21.654,19.733,19.824,20.730,21.355,21.593,21.041,21.611,21.348,21.286,20.715,22.135,20.923,21.273,21.020
218,21.258,20.766,20.958,20.342,21.958,21.569,19.870,19.907,21.067,21.385,21.435,21.056,21.683,21.467,21.582,20.881,21.990,20.853,21.495,21.168
219,21.086,20.841,20.765,20.337,21.927,21.498,19.817,20.100,21.288,21.581,21.352,20.952,21.736,21.614,21.708,20.891,22.116,20.619,21.356,21.141
220,21.227,20.924,20.738,20.464,21.556,21.461,19.910,20.360,21.278,21.586,21.459,20.986,21.693,21.705,21.678,20.655,22.087,20.647,21.244,21.138
221,21.300,21.065,20.787,20.561,20.979,21.402,19.950,20.527,21.324,21.495,21.275,20.918,21.775,21.701,21.625,20.532,21.811,20.815,21.159,21.363
222,21.465,21.247,20.635,20.488,20.493,21.320,19.840,20.473,21.265,21.443,21.263,20.791,22.002,21.983,21.722,20.309,21.757,20.990,21.203,21.647
223,21.563,21.036,20.661,20.548,20.497,21.306,19.773,20.278,21.205,21.537,21.202,20.720,22.060,21.893,21.483,20.319,21.747,20.971,21.364,21.654
224,21.388,21.018,20.547,20.474,20.695,21.220,20.002,20.408,21.209,21.420,21.423,20.691,22.047,21.923,21.292,20.264,21.667,20.877,21.589,21.726
225,21.069,21.064,20.501,20.468,20.996,21.159,19.962,20.329,21.455,21.423,21.443,20.980,21.751,21.891,21.290,20.225,21.912,20.837,21.681,21.581
226,21.032,21.078,20.650,20.506,21.214,21.019,19.934,20.255,21.705,21.367,21.524,21.174,21.557,21.827,21.580,20.028,22.052,20.959,21.723,21.508
227,21.053,21.142,20.868,20.782,21.048,21.030,19.840,20.324,21.796,21.445,21.667,21.338,21.383,21.864,21.519,20.002,21.998,20.896,21.939,21.347
228,21.037,21.058,20.961,20.940,20.961,21.121,19.997,20.330,21.951,21.460,21.682,21.220,21.156,21.784,21.508,20.162,21.850,20.917,22.064,21.146
229,20.985,21.040,20.837,21.167,20.955,21.130,19.924,20.471,22.040,21.580,21.578,21.325,21.066,21.485,21.610,20.263,21.785,20.915,22.293,20.926
230,21.259,20.945,20.763,21.535,20.890,21.205,20.041,20.654,21.998,21.945,21.445,21.418,21.021,21.413,21.734,20.182,21.805,20.975,22.343,21.296
231,21.204,20.908,20.680,21.587,20.875,21.325,20.158,20.583,21.893,22.118,21.475,21.658,21.048,21.333,21.587,20.330,22.023,21.266,22.264,21.187
232,21.136,20.986,20.533,21.450,21.117,21.269,20.189,20.629,21.913,22.013,21.368,21.878,21.375,21.345,21.370,20.694,21.732,21.275,21.782,21.118
233,21.183,21.099,20.454,21.533,21.100,21.094,20.225,20.609,22.053,21.923,21.372,21.955,21.277,21.308,21.397,20.968,21.301,21.356,21.437,21.199
234,21.182,21.073,20.381,21.399,21.119,20.808,20.244,20.613,21.988,21.639,21.379,21.825,21.357,21.319,21.576,21.072,21.024,21.408,21.146,21.382
235,21.236,21.256,20.241,21.040,21.147,20.779,20.275,20.430,21.824,21.214,21.429,21.610,21.305,20.790,21.507,20.916,20.748,21.632,20.839,21.512
236,21.366,21.160,20.508,20.911,21.186,20.853,20.460,20.452,21.569,21.414,21.241,21.413,21.178,20.575,21.270,21.041,20.615,21.863,20.808,21.314
237,21.471,21.021,20.553,20.630,21.131,20.743,20.423,20.075,21.395,21.362,20.958,21.459,21.119,20.609,21.183,20.969,20.646,21.955,20.599,20.961
238,21.278,21.034,20.738,20.555,20.963,20.581,20.538,19.957,21.266,21.443,20.921,21.447,21.331,20.403,21.255,20.857,20.667,21.924,20.762,20.808
239,20.934,20.831,20.713,20.408,21.018,20.307,20.852,19.645,21.331,21.565,21.130,21.391,21.421,20.028,21.540,20.673,20.662,21.747,21.014,20.626
240,20.903,20.830,20.838,20.391,20.771,20.259,21.008,19.511,21.522,21.625,21.249,21.275,21.516,19.875,21.402,20.746,20.710,21.623,21.389,20.298
241,20.803,20.884,20.958,20.130,20.463,20.167,20.906,19.519,21.349,21.658,21.098,21.263,21.593,19.690,21.437,21.003,20.857,21.554,21.159,20.242
242,20.672,20.868,20.717,20.033,20.459,20.038,20.814,19.473,21.293,21.588,20.890,21.368,21.567,19.712,21.330,21.003,20.888,21.593,21.068,20.502
243,20.701,20.685,20.555,19.983,20.466,19.909,20.461,19.725,21.576,21.443,20.707,21.449,21.382,19.699,21.267,20.751,20.618,21.400,21.091,20.483
244,20.630,20.568,20.548,20.108,20.562,19.735,20.180,19.857,21.603,21.252,20.541,21.245,21.525,19.748,21.328,20.642,20.452,21.418,20.818,20.311
245,20.457,20.346,20.789,20.038,20.621,19.525,20.035,19.738,21.590,20.948,20.275,21.118,21.492,19.923,21.250,20.634,,21.604,20.767,20.236
246,20.281,20.134,20.880,19.958,20.702,19.531,19.932,19.665,21.548,20.593,19.986,20.842,21.452,20.057,21.350,20.521,,21.483,20.583,20.370
247,20.241,20.121,20.834,19.689,20.965,19.229,19.779,19.526,21.479,20.329,19.735,20.615,21.384,20.256,21.538,20.523,,21.435,20.504,20.410
248,20.079,20.084,20.798,19.443,20.978,19.203,19.757,19.565,21.696,20.326,19.647,20.399,21.234,20.201,21.670,20.852,,21.500,20.348,20.756
249,19.991,20.394,20.862,19.262,20.829,19.140,19.824,19.711,21.405,20.246,19.480,20.205,21.105,,21.818,20.893,,21.447,20.414,20.897
250,20.093,20.567,20.936,19.137,20.602,19.300,20.225,19.881,21.392,20.066,19.349,20.151,21.102,,21.756,20.898,,,20.453,20.902
251,20.074,20.774,20.777,19.343,20.472,19.440,20.208,19.774,21.568,20.011,19.312,,21.018,,21.535,20.944,,,20.473,20.982
252,19.859,20.668,20.955,19.449,20.342,19.233,20.345,19.845,21.483,19.994,19.091,,20.859,,21.325,20.488,,,20.619,21.177
253,19.620,20.680,20.792,19.450,20.219,19.009,20.420,19.686,21.333,20.141,19.085,,20.802,,21.265,20.290,,,20.676,21.160
254,19.422,20.680,20.698,19.411,20.144,18.844,20.307,19.679,21.541,20.058,,,20.740,,21.208,20.407,,,20.706,21.136
255,19.250,20.646,20.640,19.525,19.972,18.632,20.446,19.622,21.800,20.055,,,20.852,,,,,,,21.106
256,19.275,20.383,20.557,19.534,19.954,18.535,20.465,19.512,21.780,19.927,,,20.931,,,,,,,20.948
257,19.279,20.118,20.397,19.520,19.797,18.632,20.514,19.271,21.696,19.784,,,20.937,,,,,,,20.851
258,19.117,19.927,20.313,19.606,19.913,,,19.158,21.923,19.577,,,20.802,,,,,,,20.819
259,19.078,19.667,20.220,19.549,20.003,,,18.978,21.762,,,,,,,,,,,20.702
260,18.995,19.476,20.042,19.615,20.030,,,18.899,21.688,,,,,,,,,,,20.594
261,18.905,19.308,19.832,19.634,20.060,,,19.010,21.414,,,,,,,,,,,
262,18.855,18.936,19.530,19.658,20.241,,,18.996,21.149,,,,,,,,,,,
263,18.760,18.556,19.084,19.637,20.083,,,19.087,20.721,,,,,,,,,,,
264,18.662,18.195,18.798,19.543,20.075,,,19.194,20.371,,,,,,,,,,,
265,18.615,17.935,18.653,19.321,20.247,,,19.046,19.954,,,,,,,,,,,
266,18.560,17.749,18.450,19.118,19.987,,,18.940,19.715,,,,,,,,,,,
267,18.359,17.716,18.244,18.875,19.619,,,18.864,19.543,,,,,,,,,,,
268,18.237,17.719,18.106,18.613,19.439,,,18.755,19.269,,,,,,,,,,,
269,18.155,17.762,,18.359,19.276,,,18.559,,,,,,,,,,,,
270,17.970,,,17.984,19.260,,,18.446,,,,,,,,,,,,
271,17.828,,,17.772,19.217,,,18.369,,,,,,,,,,,,
272,17.763,,,17.547,18.983,,,18.248,,,,,,,,,,,,
273,17.806,,,17.622,18.717,,,18.146,,,,,,,,,,,,
274,17.748,,,17.668,18.470,,,18.186,,,,,,,,,,,,
275,17.531,,,17.844,18.194,,,18.199,,,,,,,,,,,,
276,17.307,,,17.902,,,,18.198,,,,,,,,,,,,
277,17.094,,,17.862,,,,17.945,,,,,,,,,,,,
278,16.908,,,17.943,,,,17.934,,,,,,,,,,,,
279,16.669,,,17.772,,,,,,,,,,,,,,,,
280,16.760,,,17.705,,,,,,,,,,,,,,,,
281,16.719,,,17.721,,,,,,,,,,,,,,,,
282,16.778,,,17.419,,,,,,,,,,,,,,,,
283,16.824,,,16.985,,,,,,,,,,,,,,,,
284,16.869,,,16.526,,,,,,,,,,,,,,,,
285,16.754,,,,,,,,,,,,,,,,,,,
286,16.638,,,,,,,,,,,,,,,,,,,
287,16.522,,,,,,,,,,,,,,,,,,,
288,16.442,,,,,,,,,,,,,,,,,,,
289,16.245,,,,,,,,,,,,,,,,,,,
290,16.141,,,,,,,,,,,,,,,,,,,
291,16.251,,,,,,,,,,,,,,,,,,,
292,16.140,,,,,,,,,,,,,,,,,,,
293,15.851,,,,,,,,,,,,,,,,,,,
294,15.947,,,,,,,,,,,,,,,,,,,
295,16.024,,,,,,,,,,,,,,,,,,,
296,15.956,,,,,,,,,,,,,,,,,,,
297,15.863,,,,,,,,,,,,,,,,,,,
298,15.778,,,,,,,,,,,,,,,,,,,
299,15.665,,,,,,,,,,,,,,,,,,,
300,15.376,,,,,,,,,,,,,,,,,,,
301,15.094,,,,,,,,,,,,,,,,,,,
302,14.895,,,,,,,,,,,,,,,,,,,
303,14.720,,,,,,,,,,,,,,,,,,,
304,14.590,,,,,,,,,,,,,,,,,,,
305,14.518,,,,,,,,,,,,,,,,,,,
306,14.149,,,,,,,,,,,,,,,,,,,
307,13.883,,,,,,,,,,,,,,,,,,,
308,13.583,,,,,,,,,,,,,,,,,,,
309,13.283,,,,,,,,,,,,,,,,,,,
310,12.954,,,,,,,,,,,,,,,,,,,
311,12.533,,,,,,,,,,,,,,,,,,,
312,11.935,,,,,,,,,,,,,,,,,,,
313,11.547,,,,,,,,,,,,,,,,,,,
314,11.442,,,,,,,,,,,,,,,,,,,
315,11.564,,,,,,,,,,,,,,,,,,,
316,11.483,,,,,,,,,,,,,,,,,,,
317,11.286,,,,,,,,,,,,,,,,,,,
318,11.136,,,,,,,,,,,,,,,,,,,
319,10.876,,,,,,,,,,,,,,,,,,,
320,10.650,,,,,,,,,,,,,,,,,,,
321,10.501,,,,,,,,,,,,,,,,,,,
322,10.315,,,,,,,,,,,,,,,,,,,
323,10.132,,,,,,,,,,,,,,,,,,,
324,10.094,,,,,,,,,,,,,,,,,,,
325,9.957,,,,,,,,,,,,,,,,,,,
326,9.805,,,,,,,,,,,,,,,,,,,
327,9.766,,,,,,,,,,,,,,,,,,,
328,9.674,,,,,,,,,,,,,,,,,,,
329,9.559,,,,,,,,,,,,,,,,,,,
330,9.468,,,,,,,,,,,,,,,,,,,
331,9.362,,,,,,,,,,,,,,,,,,,
332,9.110,,,,,,,,,,,,,,,,,,,
333,8.793,,,,,,,,,,,,,,,,,,,
334,8.620,,,,,,,,,,,,,,,,,,,
335,8.274,,,,,,,,,,,,,,,,,,,
336,8.038,,,,,,,,,,,,,,,,,,,
337,7.931,,,,,,,,,,,,,,,,,,,
338,7.688,,,,,,,,,,,,,,,,,,,
339,7.642,,,,,,,,,,,,,,,,,,,
340,7.400,,,,,,,,,,,,,,,,,,,
341,7.101,,,,,,,,,,,,,,,,,,,
342,6.654,,,,,,,,,,,,,,,,,,,
343,6.267,,,,,,,,,,,,,,,,,,,
344,5.998,,,,,,,,,,,,,,,,,,,
345,5.824,,,,,,,,,,,,,,,,,,,
346,5.543,,,,,,,,,,,,,,,,,,,
347,5.406,,,,,,,,,,,,,,,,,,,
348,5.398,,,,,,,,,,,,,,,,,,,
349,5.193,,,,,,,,,,,,,,,,,,,
350,4.992,,,,,,,,,,,,,,,,,,,
351,4.984,,,,,,,,,,,,,,,,,,,
352,4.888,,,,,,,,,,,,,,,,,,,
353,4.741,,,,,,,,,,,,,,,,,,,
354,4.647,,,,,,,,,,,,,,,,,,,
355,4.603,,,,,,,,,,,,,,,,,,,
356,4.508,,,,,,,,,,,,,,,,,,,
357,4.618,,,,,,,,,,,,,,,,,,,
358,4.858,,,,,,,,,,,,,,,,,,,
359,4.996,,,,,,,,,,,,,,,,,,,
360,5.114,,,,,,,,,,,,,,,,,,,
361,5.206,,,,,,,,,,,,,,,,,,,
362,5.324,,,,,,,,,,,,,,,,,,,
363,5.387,,,,,,,,,,,,,,,,,,,
364,5.468,,,,,,,,,,,,,,,,,,,
365,5.397,,,,,,,,,,,,,,,,,,,
366,,,,,,,,,,,,,,,,,,,,
Notes:
2005-2024 McNary Daily Average Temperature (C)
Generated 03 Feb 2025 10:42:31 PST. DART Columbia Basin Conditions All Years www.cbr.washington.edu/dart/query/basin_conditions_hist.

"DART Data Citation. Columbia River DART, Columbia Basin Research, University of Washington. (2025). Columbia Basin Conditions All Years. Available from https://www.cbr.washington.edu/dart/query/basin_conditions_hist."
