day,1995,1996,1997,1998,1999,2000,2001,2002,2003,2004,2005,2006,2007,2008,2009,2010,2011,2012,2013,2014,2015,2016,2017,2018,2019,2020,2021,2022,2023,2024
1,5.556,5.000,5.556,4.498,3.889,5.405,3.397,5.271,6.099,4.683,4.800,3.801,,,,4.444,,4.444,5.000,4.444,5.556,5.556,3.889,,,,,,,
2,5.556,4.444,7.778,4.427,3.889,5.325,3.400,5.165,6.117,4.546,4.719,3.621,,,,4.444,3.889,4.444,5.000,4.444,5.556,5.000,3.889,,,,,,,
3,5.556,5.000,8.889,4.323,3.889,5.188,3.397,5.079,6.221,4.369,4.490,3.354,,,,4.444,3.889,4.444,5.000,3.333,5.000,5.000,3.889,,,,,,,
4,5.000,4.444,9.444,4.202,3.889,5.142,3.385,4.988,6.205,4.064,4.223,3.254,,,,3.889,3.333,4.444,4.444,3.333,5.000,3.889,3.889,,,,,,,
5,4.444,4.444,10.556,4.060,3.889,5.000,3.418,4.900,6.196,3.554,4.027,3.300,,,,3.889,3.333,4.444,4.444,3.333,5.000,3.889,3.889,,,,,,,
6,3.889,4.444,12.222,4.010,3.889,4.840,3.422,4.846,6.117,3.104,3.881,3.333,,,,3.889,3.333,4.444,4.444,2.778,5.000,3.889,2.222,,,,,,,
7,3.889,4.444,6.111,4.010,3.889,4.748,3.389,4.863,6.071,2.839,3.769,3.465,,,,3.889,3.333,4.444,4.444,2.778,5.556,3.889,2.222,,,,,,,
8,3.889,4.444,6.111,3.908,,4.786,3.360,4.873,6.005,2.495,3.604,3.582,,,,3.889,3.333,3.889,4.444,2.778,5.556,3.889,2.222,,,,,,,
9,3.889,4.444,6.111,3.866,3.889,4.727,3.272,4.856,5.934,2.237,3.583,3.738,,,,3.889,3.333,3.889,4.444,2.778,5.556,3.333,2.222,,,,,,,
10,3.889,3.333,6.111,3.829,3.889,4.581,3.301,4.785,5.869,2.228,3.476,3.976,,,,3.889,3.333,3.889,4.444,2.778,5.556,3.333,1.111,,,,,,,
11,3.333,3.333,6.111,3.716,3.889,4.527,3.297,4.785,5.781,2.232,3.404,4.113,,,,3.889,3.333,3.889,4.444,2.778,5.556,3.333,1.111,,,,,,,
12,3.333,3.333,5.556,3.529,3.889,4.431,3.297,4.802,5.702,2.282,3.385,4.203,,,,3.889,3.333,3.889,4.444,2.778,5.556,3.333,1.111,,,,,,,
13,3.333,3.889,5.556,3.237,3.889,4.364,3.301,4.638,5.615,2.566,3.426,4.413,,,,3.889,3.333,3.889,4.444,2.778,5.000,3.333,,,,,,,,
14,3.333,3.889,3.889,3.089,3.889,4.327,3.310,4.513,5.473,2.741,3.451,4.500,,,,3.889,3.333,3.889,4.444,2.778,5.000,3.333,,,,,,,,
15,3.333,3.889,3.889,2.993,3.889,4.273,3.301,4.383,5.315,2.778,3.368,4.635,,,,3.889,3.333,3.889,4.444,2.778,5.000,3.333,,,,,,,,
16,3.333,3.889,3.889,2.918,3.889,4.289,3.250,4.254,5.236,2.832,3.197,4.693,,,,3.889,3.333,3.333,4.444,3.333,5.000,2.778,,,,,,,,
17,3.333,4.444,,2.976,3.889,4.294,3.197,4.216,5.156,2.891,3.071,4.788,,,,3.889,3.333,3.333,4.444,3.333,5.556,2.778,,,,,,,,
18,3.333,4.444,3.333,3.097,,4.206,3.168,4.116,5.119,2.878,3.068,4.790,,,,3.889,3.333,3.333,4.444,3.333,5.556,2.778,1.111,,,,,,,
19,3.333,4.444,3.333,3.185,4.444,4.060,3.164,4.091,5.069,2.932,3.118,4.829,,,,3.889,3.889,3.333,4.444,3.333,5.556,3.333,0.556,,,,,,,
20,3.333,,3.333,3.218,4.444,3.927,3.156,4.066,4.992,2.999,3.072,4.894,,,,3.889,3.889,3.333,4.444,3.333,5.556,3.333,0.556,,,,,,,
21,3.333,4.444,3.333,3.204,4.444,3.758,3.110,4.100,4.913,3.053,3.056,4.896,,,,3.889,3.889,3.333,4.444,3.333,5.556,3.333,1.111,,,,,,,
22,3.333,4.444,3.333,3.297,4.444,3.655,3.051,4.020,4.800,3.070,3.164,4.841,,,,3.889,3.889,2.778,3.333,3.333,5.556,3.333,1.111,,,,,,,
23,3.333,4.444,3.333,3.260,4.444,3.487,2.964,3.929,4.767,3.100,3.347,4.824,,,,3.889,3.889,2.778,3.333,3.333,5.000,3.333,1.111,,,,,,,
24,3.333,4.444,3.333,3.260,4.444,3.354,2.981,3.900,4.842,3.110,3.400,4.760,,,,3.889,3.889,2.778,3.333,3.333,5.000,3.889,1.111,,,,,,,
25,3.333,3.889,3.333,3.293,4.444,3.325,2.989,3.900,4.808,3.085,3.372,4.705,,,,3.889,3.889,2.778,3.333,3.333,5.000,3.889,1.111,,,,,,,
26,3.333,3.889,3.333,3.310,4.444,3.325,3.014,3.870,4.900,3.014,3.310,4.700,,,,4.444,3.889,2.778,3.333,3.333,5.000,3.889,1.111,,,,,,,
27,3.333,3.889,3.333,3.400,4.444,3.354,2.976,3.770,4.996,3.001,3.306,4.650,,,,4.444,3.889,2.778,3.333,3.333,5.000,3.889,1.111,,,,,,,
28,3.333,3.889,3.333,3.462,4.444,3.400,3.014,3.712,5.108,2.971,3.372,4.575,,,,4.444,3.889,2.778,3.333,3.333,5.000,3.889,1.111,,,,,,,
29,3.333,3.333,3.333,3.570,4.444,3.420,3.018,3.708,5.096,3.044,3.343,4.477,,,,4.444,3.889,2.778,3.333,3.333,5.000,3.889,1.111,,,,,,,
30,3.333,3.333,3.333,3.683,4.444,3.416,3.023,3.706,5.075,3.112,3.326,4.485,,,,4.444,4.444,2.778,3.333,3.333,5.000,3.889,1.111,,,,,,,
31,3.333,2.778,3.333,3.704,4.444,3.420,3.010,3.685,5.037,3.110,3.381,4.418,,,,5.000,4.444,,3.333,3.333,5.000,3.889,1.111,,,,,,,
32,,2.778,3.333,3.637,4.444,3.418,3.031,3.685,5.158,3.106,3.333,4.429,,,,5.000,3.889,3.333,3.333,3.333,5.000,3.889,1.111,,,,,,,
33,3.333,2.222,3.333,3.579,4.444,3.543,3.068,3.676,5.300,3.093,3.333,4.466,,,,5.000,3.889,3.333,3.333,3.333,5.000,3.889,1.111,,,,,,,
34,3.889,1.667,3.889,3.520,4.444,3.664,3.114,3.722,5.217,3.006,3.333,4.474,,,,5.000,3.889,3.333,3.333,3.333,5.000,3.889,1.111,,,,,,,
35,3.889,1.111,3.889,3.633,4.444,3.822,3.172,3.801,5.183,2.901,3.333,4.488,,,,5.000,3.889,3.333,3.333,3.333,5.000,3.889,1.111,,,,,,,
36,3.889,1.111,3.889,3.758,3.889,3.889,3.247,3.856,5.196,2.839,,4.403,,,,5.000,3.889,3.333,3.333,3.333,5.556,3.889,1.111,,,,,,,
37,3.889,1.111,3.889,3.841,3.889,3.951,3.312,3.764,5.192,2.918,,4.315,,,,5.000,3.889,3.333,3.333,3.333,5.556,3.889,1.111,,,,,,,
38,4.444,1.667,3.889,3.950,3.889,4.008,3.254,3.693,5.117,2.964,3.333,4.247,,,,5.000,3.889,3.333,3.333,3.333,5.556,4.444,1.111,,,,,,,
39,4.444,1.667,3.889,4.029,3.889,4.018,3.089,3.693,5.112,3.106,3.333,4.153,,,,5.000,3.889,3.333,3.333,2.778,5.556,4.444,1.111,,,,,,,
40,4.444,1.667,3.889,4.152,3.889,4.020,3.101,3.685,5.038,3.218,3.333,4.057,,,,5.000,3.889,3.333,3.333,2.778,5.556,4.444,1.111,,,,,,,
41,4.444,,3.593,4.206,,3.966,3.085,3.668,5.021,3.297,3.333,3.963,,,,5.000,3.889,3.333,3.333,2.778,5.556,4.444,,,,,,,,
42,4.444,1.667,3.504,4.269,3.333,3.920,3.022,3.685,4.996,3.381,3.333,3.858,,,,5.000,3.889,3.333,3.889,2.778,5.556,4.444,,,,,,,,
43,4.444,2.222,3.420,4.348,3.333,3.900,3.010,3.643,5.167,3.431,3.333,3.796,,,,5.000,3.889,3.333,3.889,2.778,5.556,4.444,,,,,,,,
44,4.444,2.778,3.441,4.423,3.333,3.887,3.010,3.631,5.079,3.493,3.333,3.735,,,,5.000,3.889,3.333,3.889,2.222,6.667,4.444,,,,,,,,
45,3.333,3.333,3.587,4.519,3.333,3.950,3.051,3.542,5.125,3.539,3.333,3.775,,,,5.556,3.889,2.778,3.889,2.222,6.667,4.444,1.667,,,,,,,
46,3.889,3.333,3.779,4.621,3.333,3.912,3.156,3.506,5.150,3.622,3.333,3.813,,,,5.556,3.889,2.778,3.889,2.222,6.667,4.444,1.667,,,,,,,
47,3.889,3.333,3.854,4.717,3.333,3.845,3.214,3.468,5.175,3.685,3.333,3.865,,,,5.556,,2.778,3.889,2.222,6.111,4.444,2.222,,,,,,,
48,3.889,3.333,4.008,4.742,3.333,3.800,3.301,3.460,5.196,3.700,3.333,3.629,,,,5.556,3.889,2.778,3.889,2.222,6.111,5.000,2.222,,,,,,,
49,3.889,4.444,4.314,4.625,3.333,3.770,3.360,3.531,5.311,3.837,3.333,3.471,,,,5.556,4.444,2.778,3.889,2.778,6.111,5.000,2.222,,,,,,,
50,3.889,4.444,4.573,4.688,3.889,3.862,3.447,3.651,5.390,3.995,3.889,3.267,,,,5.556,3.889,2.778,3.889,2.778,5.556,5.000,2.222,,,,,,,
51,4.444,4.444,4.881,4.700,3.889,3.870,3.506,3.722,5.481,4.075,,3.025,,,,5.556,3.889,3.333,3.889,2.778,5.556,5.000,2.778,,,,,,,
52,4.444,4.444,5.027,4.763,4.444,4.016,3.497,3.785,5.569,4.095,4.444,3.087,,,,5.556,3.889,,3.889,2.778,5.556,5.556,2.778,,,,,,,
53,4.444,4.444,5.098,4.808,4.444,4.075,3.510,3.839,5.615,4.206,4.444,3.200,,,,5.556,3.889,3.333,3.889,2.778,6.111,5.556,3.333,,,,,,,
54,4.444,4.444,5.139,4.896,4.444,4.137,3.593,3.856,5.581,4.285,4.444,3.292,,,,5.556,3.889,3.333,3.889,3.333,6.111,5.556,3.333,,,,,,,
55,4.444,4.444,5.283,4.925,4.444,4.220,3.668,3.814,5.644,4.339,4.444,3.408,,,,5.556,3.889,3.333,3.889,3.333,6.111,5.556,3.333,,,,,,,
56,4.444,4.444,5.250,4.971,5.000,4.358,3.839,3.735,5.420,4.398,4.444,3.408,,,,4.444,3.889,3.333,3.889,3.333,6.111,5.556,3.333,,,,,,,
57,5.000,4.444,5.365,4.971,5.000,4.466,3.875,3.739,5.194,4.448,,3.400,,,,4.444,3.889,,3.889,3.333,6.111,5.556,3.333,,,,,,,
58,5.556,4.444,5.444,4.954,5.000,4.619,4.039,3.656,5.090,4.464,4.444,3.400,,,,4.444,3.889,3.889,3.889,3.333,6.111,5.556,3.889,,,,,,,
59,5.556,4.444,5.331,4.950,5.000,4.656,4.025,3.618,4.956,4.427,4.444,3.383,,,,5.556,3.889,3.889,3.889,3.333,6.111,5.556,3.889,,,,,,,
60,5.556,4.444,5.277,5.008,4.809,4.748,3.968,3.714,4.892,4.402,4.469,3.367,,,,,3.889,4.444,3.889,3.333,6.111,5.556,3.889,,,,,,,
61,,,5.269,5.029,4.771,4.885,4.031,3.722,4.927,4.431,4.689,3.408,,,,,3.889,4.444,3.889,3.333,5.556,5.556,3.889,,,,,,,
62,4.444,4.444,5.265,5.037,4.746,5.006,4.091,3.910,4.986,4.410,5.013,3.454,,,,,3.889,4.408,4.444,3.333,5.556,5.556,3.889,,,,,,,
63,4.444,3.889,5.273,5.054,4.713,5.144,4.123,3.956,5.044,4.369,4.900,3.567,,,,,3.889,4.504,4.444,3.333,5.556,6.111,4.444,,,14.635,,,,
64,4.444,3.889,5.348,5.233,4.636,5.206,4.164,4.097,5.081,4.402,5.071,3.567,,,,,3.889,4.653,4.444,3.333,5.556,6.111,4.444,,,,,,,
65,4.444,3.889,5.481,5.286,4.677,5.221,4.362,4.085,5.061,4.377,5.058,3.601,,,,,3.889,4.788,4.444,3.333,5.556,6.111,4.444,,,,,,,
66,4.444,3.889,5.694,5.356,4.702,5.313,4.566,4.051,5.023,4.306,5.402,3.646,,,,,3.889,4.793,4.444,3.889,5.556,6.111,4.444,,,,,,,
67,4.444,3.889,5.936,5.436,4.640,5.615,4.595,4.022,5.023,4.373,5.569,3.617,,,,,4.444,4.868,4.444,3.889,5.556,6.667,4.444,,,,,,,
68,4.444,3.333,6.081,5.569,4.690,5.623,4.445,4.070,4.990,4.788,5.761,3.620,,,,,4.494,4.899,4.444,4.444,5.556,6.667,4.444,,,,,,,
69,5.000,3.333,6.215,5.723,4.794,5.731,4.616,4.091,5.077,4.650,6.052,3.716,,,,5.900,4.494,4.980,4.444,4.444,5.556,6.667,4.444,,,,,,,
70,5.556,3.889,6.286,5.901,4.831,5.969,4.735,4.175,5.160,5.217,6.227,3.908,,,,5.946,4.523,5.124,5.000,4.444,5.556,6.667,4.444,,,,,,,
71,5.556,4.444,6.302,6.096,4.806,5.944,4.858,4.212,5.433,5.171,6.150,4.177,,,,5.954,4.385,5.278,5.000,4.444,5.556,6.667,4.444,,,,,,,
72,6.111,5.000,6.114,6.488,4.890,6.194,4.950,4.291,5.661,5.344,6.109,4.388,,,,5.904,4.345,5.340,5.000,4.444,6.111,6.667,5.653,,,,,,,5.545
73,6.111,5.556,5.556,6.665,5.048,6.296,4.946,4.458,5.894,5.661,6.344,4.653,,,,5.898,4.465,5.329,5.000,4.444,6.111,6.667,5.711,,,,,,,5.635
74,6.111,6.111,6.209,6.803,5.236,6.255,5.025,4.504,6.000,5.611,6.203,4.909,,,,5.986,4.785,5.252,5.000,5.556,6.667,6.667,5.780,,,,,,,5.769
75,,6.111,6.323,6.786,5.325,6.405,5.094,4.592,5.556,5.740,6.253,5.145,,,,6.258,5.130,5.329,5.000,5.556,7.222,,6.009,,,,,,,6.033
76,,6.111,6.406,6.769,5.456,6.640,5.205,4.612,5.915,5.869,6.311,5.216,,,,6.189,5.372,5.411,6.111,5.556,7.222,,6.356,,,,,,,6.228
77,,6.111,6.405,6.966,5.556,6.757,5.359,4.617,6.005,6.023,6.378,5.269,,,,6.372,5.646,5.559,6.111,6.371,7.222,6.667,6.671,,,,,,,6.561
78,,6.111,6.400,6.989,5.890,6.857,5.330,4.683,6.280,6.177,6.461,5.298,,,5.025,6.592,5.911,5.654,6.111,6.336,7.222,6.667,6.837,,,,,,,6.653
79,,6.111,6.635,7.476,6.102,6.815,5.680,4.792,6.340,6.344,6.436,5.369,,,4.985,6.657,6.006,5.796,6.111,6.307,7.222,6.667,6.820,,,,,,,6.862
80,6.111,6.111,6.792,7.403,6.273,6.790,5.996,4.717,6.569,6.727,6.499,5.550,,,5.021,6.621,6.089,5.883,5.981,6.269,7.222,7.222,6.790,,,,,,,7.117
81,6.111,6.111,6.949,7.337,6.690,6.794,6.394,4.713,6.732,6.844,6.551,5.715,6.545,,5.183,6.712,6.045,5.919,5.992,6.219,7.222,7.578,7.090,,,,,5.591,,7.266
82,6.111,6.111,7.324,7.416,7.182,6.878,6.284,4.535,6.821,7.132,6.533,5.909,6.739,,5.243,6.757,6.068,6.019,6.042,6.280,7.457,7.629,7.345,,,,,5.837,,7.358
83,6.667,6.111,7.724,7.553,7.268,6.984,6.463,4.494,7.007,7.094,6.602,6.000,7.110,,5.368,6.788,6.251,6.235,6.117,6.397,7.444,7.669,7.472,,,,,6.132,,7.504
84,6.667,6.667,7.979,7.641,7.255,7.159,6.497,4.503,7.255,7.122,6.607,6.044,7.463,,5.433,6.875,6.519,6.404,6.228,6.584,7.586,7.766,7.701,,,,,6.452,,7.658
85,6.667,6.667,8.109,7.757,7.318,7.176,6.770,4.639,7.488,7.380,6.723,5.940,7.783,,5.546,7.032,6.553,6.533,6.396,6.601,7.844,7.912,8.043,,6.150,7.667,,6.609,,7.708
86,6.667,6.667,7.913,8.016,7.382,7.618,6.943,4.794,7.695,7.388,6.633,5.861,8.018,6.248,5.608,7.190,6.591,6.791,6.592,6.722,8.193,7.955,8.258,6.820,6.355,7.667,,6.637,,7.791
87,7.222,6.667,7.877,8.282,7.262,7.372,6.980,4.969,7.849,7.595,6.666,6.032,7.845,6.175,5.563,7.317,6.772,6.823,6.650,6.888,8.667,8.004,8.409,6.844,6.549,7.038,,6.664,,7.821
88,7.778,6.667,8.045,8.395,7.291,7.528,6.930,5.311,8.120,8.082,6.880,6.469,7.808,6.150,5.547,7.403,6.945,6.704,6.880,7.063,9.098,7.982,8.374,6.825,6.818,7.158,,6.800,5.914,7.842
89,9.025,7.222,8.170,8.303,7.315,7.682,7.126,5.681,8.195,8.420,7.031,6.913,7.929,6.133,5.528,7.579,7.095,6.724,7.205,7.179,9.399,7.966,8.424,6.939,7.233,7.288,,7.262,6.096,7.952
90,8.657,7.222,8.341,8.245,7.542,7.745,7.183,5.930,8.349,8.237,7.126,7.301,8.233,6.100,5.529,7.662,7.458,6.738,7.350,7.226,9.564,7.984,8.520,7.000,7.573,7.440,,7.640,6.278,8.166
91,8.494,7.222,8.028,8.399,7.673,7.795,7.236,6.200,8.414,8.478,7.328,7.538,8.462,6.084,5.522,7.813,7.832,6.800,7.560,7.344,9.580,8.188,8.678,7.139,7.841,7.547,,7.937,6.396,8.394
92,8.603,8.875,8.048,8.323,7.665,7.862,7.294,6.274,8.451,8.791,7.420,7.569,8.621,6.169,5.688,7.900,8.171,6.986,7.903,7.474,9.560,8.520,8.697,7.185,8.133,7.640,,8.096,6.504,8.671
93,8.720,8.965,8.031,8.365,7.627,7.960,7.298,6.196,8.472,8.777,7.733,7.641,8.463,6.263,5.891,7.867,8.306,7.486,8.251,7.637,9.636,8.846,8.756,7.207,8.354,7.654,,8.186,6.565,9.011
94,8.928,9.090,7.994,8.452,7.489,8.196,7.569,6.503,8.551,8.774,8.009,7.799,8.371,6.340,6.182,7.934,8.346,7.684,8.475,7.866,9.728,9.152,8.729,7.316,8.406,7.747,,8.338,6.612,9.373
95,9.015,9.340,8.022,8.586,7.566,8.414,7.506,6.894,8.515,9.138,8.175,7.845,8.309,6.488,6.485,7.929,8.094,7.921,8.670,8.045,9.659,9.325,8.715,7.437,8.537,7.701,,8.333,6.768,9.533
96,9.122,7.778,8.088,8.674,7.436,8.684,7.475,7.035,8.421,9.441,8.385,7.828,8.342,6.508,6.804,8.021,7.878,7.954,8.673,8.244,9.452,9.359,8.889,7.564,8.638,7.805,,8.457,6.911,9.607
97,9.356,8.333,8.230,8.544,7.498,8.705,7.573,7.351,8.391,9.666,8.456,7.905,8.522,6.630,7.022,8.021,7.720,8.064,8.698,8.468,9.444,9.418,8.889,7.900,8.646,7.909,,8.699,7.160,9.598
98,9.281,8.889,8.453,8.553,7.615,9.009,7.619,7.828,8.349,9.731,8.522,8.060,8.858,6.750,7.215,8.210,7.632,8.065,8.673,8.751,9.444,9.467,8.972,8.255,8.746,8.155,,8.863,7.287,9.536
99,9.336,8.889,8.488,8.599,7.611,9.287,7.744,7.927,8.428,9.918,8.535,8.067,9.242,6.934,7.371,8.226,7.450,7.995,8.863,8.866,9.538,9.550,8.889,8.689,9.014,8.520,,9.028,7.399,9.542
100,9.391,12.116,8.563,8.732,7.769,9.324,7.840,8.011,8.503,10.460,8.669,8.374,9.304,7.151,7.612,8.411,7.512,7.962,9.230,8.933,9.820,9.719,8.943,9.082,9.292,8.715,,9.103,7.540,9.502
101,9.549,12.306,8.631,8.888,7.998,9.449,8.021,8.261,9.074,10.454,8.866,8.635,9.191,7.405,7.804,8.596,7.741,8.081,9.596,8.954,10.032,10.100,9.047,8.912,9.358,8.949,,9.021,7.720,9.413
102,9.403,12.132,8.723,9.078,8.063,9.882,8.011,8.473,9.482,10.445,8.904,8.763,9.074,7.596,7.763,8.679,7.867,8.307,9.875,9.112,10.064,10.548,9.065,8.936,9.065,9.152,,8.841,7.843,9.570
103,9.526,12.124,8.876,9.121,8.299,10.196,8.157,8.702,9.366,10.623,8.875,8.892,9.136,7.788,7.765,8.700,7.826,8.438,9.957,9.248,10.138,11.008,9.090,9.110,8.670,9.241,9.100,8.790,7.827,9.701
104,9.556,12.456,8.937,9.270,8.578,10.394,8.307,8.890,9.078,10.777,8.961,9.094,9.242,8.092,7.874,8.948,7.753,8.530,9.887,9.301,10.107,11.261,9.093,9.282,8.480,9.085,8.661,8.690,7.703,9.838
105,9.716,12.800,9.006,9.362,8.882,10.288,8.847,9.045,8.957,10.787,8.841,9.277,9.296,8.183,8.133,9.099,7.805,8.744,9.868,9.431,10.000,11.160,8.889,9.302,8.356,9.131,8.792,8.583,7.828,10.207
106,10.149,12.814,9.161,9.360,8.924,10.005,8.922,9.041,8.991,10.918,8.862,9.248,9.410,8.337,8.542,9.192,8.032,9.055,9.828,9.602,10.000,11.111,9.098,9.270,8.470,9.450,9.014,8.540,8.061,10.783
107,10.305,12.517,9.387,9.562,9.330,10.021,8.659,9.053,9.070,10.880,8.870,9.310,9.687,8.250,8.926,9.292,8.361,9.403,9.733,9.878,10.022,11.111,9.233,9.228,8.663,9.616,9.318,8.335,8.225,10.558
108,10.520,12.383,9.384,9.862,9.537,10.325,9.112,9.128,9.207,11.080,9.017,9.383,9.979,8.371,8.948,10.002,8.688,9.614,9.629,10.048,10.000,11.301,9.396,9.360,9.068,9.559,9.684,8.300,8.442,10.277
109,10.526,12.210,9.308,9.956,9.462,10.617,9.332,9.020,9.824,11.193,9.182,9.489,10.021,8.708,9.025,10.142,8.732,9.900,9.717,9.975,10.126,11.450,9.598,9.510,9.633,9.764,9.979,8.308,8.535,10.227
110,10.426,12.148,9.353,10.271,9.532,10.767,9.757,8.999,9.772,11.368,9.370,9.580,10.054,8.679,9.138,10.326,8.734,10.142,9.854,9.917,10.306,11.501,9.690,9.537,10.126,10.124,10.094,8.320,8.613,10.577
111,10.226,12.073,9.395,10.463,9.766,10.888,9.737,9.220,10.031,11.493,9.520,9.473,10.208,8.538,9.303,10.633,8.667,10.153,9.731,9.885,10.320,11.667,9.893,9.702,10.408,10.567,10.104,8.427,8.820,11.035
112,10.220,12.360,9.579,10.627,10.168,10.855,9.414,9.407,10.241,11.688,9.912,9.316,10.625,8.658,9.517,10.804,8.604,10.116,9.648,9.908,10.388,11.667,10.251,9.937,10.594,10.771,10.265,8.507,9.177,11.387
113,10.500,12.423,9.568,10.805,10.458,10.613,9.758,9.270,10.370,11.699,10.219,9.498,10.904,8.639,9.249,10.567,8.850,10.292,9.631,9.783,10.788,11.667,10.381,10.242,10.933,11.174,10.573,8.548,9.433,11.759
114,10.583,12.598,9.560,10.913,10.687,10.578,10.398,9.324,10.210,11.795,10.391,9.704,11.155,8.750,9.261,10.822,9.334,10.320,9.552,9.717,10.847,11.667,10.534,10.471,11.429,11.375,10.773,9.018,9.495,12.185
115,10.919,12.935,9.343,10.934,10.741,10.767,11.363,8.908,10.441,11.641,10.643,9.990,11.346,8.940,9.638,10.985,9.408,10.429,9.711,9.638,10.782,11.667,10.726,10.453,11.584,11.438,10.704,9.091,9.315,12.446
116,11.224,13.058,9.321,10.905,10.745,11.088,10.738,8.920,9.858,11.839,11.113,10.456,11.300,9.172,9.912,10.883,9.231,10.827,9.850,9.571,10.953,11.667,10.948,10.545,11.235,11.411,10.630,9.281,9.073,12.251
117,10.733,12.871,9.725,11.117,10.531,11.426,11.083,9.157,10.213,11.893,11.381,10.821,11.164,9.288,10.054,11.047,9.219,11.199,10.249,9.575,11.203,11.807,10.925,10.964,10.982,10.982,10.675,9.514,9.225,11.843
118,10.719,12.752,9.758,11.365,10.369,11.351,11.015,9.237,10.548,12.131,11.442,10.975,11.267,9.297,9.941,11.429,9.323,11.514,10.328,9.728,11.276,11.962,10.995,11.487,10.861,10.959,10.887,9.641,9.648,11.667
119,10.978,13.044,9.700,11.699,10.598,11.313,11.050,9.628,10.323,12.080,11.516,11.059,11.438,9.472,9.813,11.713,9.431,11.576,10.401,10.012,11.505,11.907,11.143,11.814,10.905,11.062,11.083,9.597,9.960,11.405
120,10.792,13.173,10.064,12.059,10.852,11.338,10.863,9.945,10.519,12.325,11.332,10.980,11.422,9.650,9.721,11.762,9.506,11.205,10.349,10.320,11.777,11.789,11.249,11.922,10.833,11.294,11.125,9.640,10.231,11.231
121,10.853,13.265,10.442,12.620,11.027,11.359,10.892,9.995,10.983,11.923,11.330,10.917,11.528,9.745,9.758,11.979,9.594,10.950,10.209,10.560,11.970,11.667,11.318,11.913,10.788,11.770,11.710,9.602,10.425,11.298
122,10.983,13.308,10.346,12.643,10.965,11.255,11.184,10.204,11.092,12.081,11.557,10.988,11.521,9.786,9.738,12.279,9.906,10.580,10.108,10.675,11.928,11.179,11.220,12.046,10.743,12.266,12.116,9.735,10.722,11.471
123,11.425,13.092,10.098,12.401,10.861,11.299,11.367,10.554,11.134,12.044,11.685,11.407,11.278,9.744,9.747,12.138,10.053,10.098,10.270,10.718,12.315,12.222,11.344,12.263,10.764,12.123,12.241,9.664,11.020,11.747
124,11.542,13.218,10.138,12.397,10.602,11.385,11.638,10.725,11.099,12.473,11.948,11.793,11.371,9.679,9.721,11.700,10.129,9.769,10.831,10.648,12.631,12.222,11.516,12.468,10.911,11.721,12.303,9.822,11.719,11.919
125,11.508,13.434,10.334,12.445,10.469,11.339,11.719,10.733,10.890,12.381,12.020,11.913,11.478,9.650,9.897,11.246,10.405,9.600,11.263,10.663,12.644,12.222,11.704,12.360,11.110,11.719,12.313,10.175,12.100,12.217
126,11.542,13.518,10.388,12.994,10.275,11.631,12.093,10.638,10.807,12.460,12.251,11.955,11.595,9.925,10.154,10.879,10.640,9.684,11.462,10.596,12.860,12.222,11.849,11.892,11.315,11.953,12.380,10.471,12.153,12.354
127,11.694,13.551,10.408,13.523,10.115,12.081,12.701,10.550,10.632,12.610,12.635,11.804,11.941,10.320,10.092,10.721,10.709,9.950,11.828,10.713,12.778,12.245,12.184,11.556,11.535,12.163,12.592,10.913,12.027,12.325
128,11.494,13.510,10.763,13.554,10.265,12.307,12.625,10.838,10.868,13.008,12.784,11.476,12.320,10.642,10.175,10.738,10.636,10.310,12.163,10.973,12.778,12.463,12.338,11.575,11.756,12.042,12.438,11.174,11.648,12.222
129,11.615,13.514,11.219,13.452,10.365,12.101,12.873,10.623,11.097,13.023,12.932,11.363,12.717,11.093,10.513,10.796,10.642,10.604,12.665,11.391,12.852,12.664,12.798,11.800,11.997,11.773,12.358,11.318,11.450,12.240
130,11.736,13.662,11.469,13.424,10.648,12.156,13.139,10.673,10.984,13.125,12.620,11.534,12.904,11.253,10.902,11.011,10.809,10.895,12.987,11.815,12.964,12.760,13.127,12.402,12.459,11.535,12.743,11.246,11.338,12.189
131,11.892,13.680,11.734,13.299,10.646,12.139,13.340,10.923,11.026,13.013,12.213,11.888,12.938,11.013,11.215,11.033,11.184,11.133,12.842,12.229,13.333,13.148,12.778,12.706,13.050,11.563,12.840,11.222,11.313,12.220
132,11.993,13.574,11.646,13.292,10.688,11.991,13.307,11.318,11.151,13.034,12.453,12.309,12.725,10.892,11.339,10.963,11.535,11.298,12.788,12.284,13.333,13.647,12.778,12.395,13.770,11.817,12.835,11.335,11.438,12.223
133,11.878,13.391,11.722,13.140,10.844,11.906,12.765,11.368,11.943,13.209,12.741,12.596,12.387,11.035,11.313,11.063,11.930,11.486,13.040,12.268,13.383,13.955,12.778,12.055,14.185,11.983,12.763,11.331,11.540,12.362
134,11.790,13.288,11.989,12.936,11.174,11.818,12.432,11.614,11.676,13.369,12.912,12.731,12.015,11.329,11.396,11.171,12.243,11.745,13.347,12.254,13.395,14.108,12.778,12.095,14.016,12.037,12.647,11.354,11.723,12.689
135,11.655,13.340,12.356,12.632,11.393,11.944,11.929,11.710,11.688,13.361,12.949,12.739,11.932,11.424,11.437,11.202,12.138,12.163,13.583,12.113,13.461,14.039,12.268,12.242,13.492,12.162,12.772,11.490,11.998,13.084
136,12.159,13.575,12.485,12.475,11.447,12.123,12.110,11.603,11.520,13.719,12.827,12.778,12.196,11.388,11.520,11.447,11.797,12.577,13.393,12.183,13.832,13.889,12.513,12.088,13.260,12.170,12.921,11.688,12.220,13.520
137,12.630,14.048,12.414,12.444,11.355,12.294,12.356,11.597,11.353,13.464,12.451,13.048,13.058,11.421,11.738,11.763,11.988,12.961,13.243,12.132,13.993,13.889,12.222,11.669,13.065,12.350,13.358,11.495,12.703,13.766
138,12.826,14.201,12.131,12.490,11.163,12.360,12.710,11.493,11.372,13.249,12.122,13.506,13.744,11.515,12.032,12.008,12.143,13.336,13.135,12.225,13.800,13.889,11.475,11.720,12.944,12.582,13.400,11.218,13.404,14.026
139,13.021,14.326,12.002,13.034,11.405,12.602,12.956,11.551,11.814,13.182,12.081,14.098,13.985,11.620,12.634,12.096,12.013,13.232,13.031,12.105,13.988,13.889,11.420,12.238,12.925,12.885,12.894,10.934,13.864,14.298
140,13.046,14.904,11.860,12.561,11.551,12.873,13.298,11.535,12.023,13.407,12.472,14.418,13.808,11.800,12.301,12.485,11.451,13.048,13.006,12.022,14.128,13.333,11.563,12.740,12.872,12.930,12.840,10.791,13.973,14.789
141,13.008,13.654,11.727,12.492,11.901,13.069,13.883,11.441,12.101,13.344,12.643,13.939,13.539,11.900,12.183,12.725,11.168,13.194,12.985,12.323,14.338,12.868,11.865,13.041,12.670,12.427,12.758,11.165,13.653,15.036
142,13.368,13.366,11.639,12.715,12.037,13.101,14.227,11.676,12.210,13.132,12.626,13.314,13.318,12.023,12.631,13.004,11.161,13.369,12.720,12.859,14.690,13.333,12.263,13.013,12.415,11.655,13.019,11.639,13.253,15.020
143,13.831,13.056,11.594,13.078,12.293,13.272,14.194,12.153,12.395,12.899,12.397,12.844,13.292,11.653,13.175,13.374,11.558,13.392,12.345,13.360,15.077,13.398,12.472,12.983,12.166,11.290,13.446,12.036,13.177,14.624
144,14.215,10.833,11.794,13.517,12.706,13.744,13.967,12.501,12.787,12.799,12.191,12.706,13.475,11.125,13.301,13.396,12.235,13.086,12.399,13.146,15.353,13.461,12.589,13.225,12.024,11.320,13.913,12.341,13.442,14.109
145,14.502,12.122,11.906,13.542,12.961,14.132,13.957,12.401,12.750,12.953,12.360,12.623,13.619,10.729,12.442,13.596,12.755,12.641,12.528,12.408,15.446,13.407,12.973,13.668,11.983,11.591,14.142,12.612,13.725,14.033
146,14.659,11.984,11.935,13.196,13.306,14.624,13.949,12.514,12.270,13.165,12.676,12.502,13.821,10.579,12.130,13.796,12.601,12.307,12.532,12.274,15.530,13.430,13.372,13.795,12.295,11.700,14.262,12.763,13.895,14.216
147,14.761,12.290,12.069,12.382,13.628,14.916,13.707,12.954,12.066,13.394,12.904,12.673,14.075,10.417,12.273,13.665,12.251,12.248,12.653,12.562,15.273,13.811,13.949,13.930,12.648,11.511,14.461,12.600,14.143,14.024
148,15.128,12.411,12.047,12.152,13.555,14.923,13.749,12.550,12.466,13.653,13.241,12.824,14.389,10.450,12.688,13.217,11.755,12.333,12.554,12.875,15.556,14.308,14.379,13.823,12.879,11.642,14.277,11.967,14.144,13.908
149,15.047,12.607,12.120,12.286,13.431,14.633,13.849,12.023,13.564,13.715,13.695,12.999,14.449,10.537,13.132,12.746,11.580,12.503,12.520,12.858,15.556,14.483,14.524,13.790,13.237,11.836,13.993,11.821,14.083,13.946
150,15.100,12.738,12.129,12.227,13.207,14.520,14.199,11.627,13.664,13.440,13.976,13.182,14.400,10.754,13.050,12.384,11.749,12.720,12.598,12.691,15.653,14.458,14.283,14.050,13.465,12.019,13.832,11.716,14.200,13.879
151,15.304,12.276,12.115,12.431,12.749,14.504,15.399,11.848,12.748,13.115,14.179,13.396,14.441,11.446,12.998,12.146,11.843,12.649,12.790,12.624,16.258,14.216,13.889,14.065,13.587,12.273,13.521,11.989,14.537,13.717
152,15.370,11.656,12.644,12.674,12.478,14.304,14.912,12.419,12.852,13.053,14.198,13.671,14.467,11.993,13.065,12.142,11.863,12.551,13.108,12.691,16.485,14.146,13.889,13.922,13.993,12.553,13.490,12.707,14.694,13.706
153,14.854,12.770,13.025,13.281,12.257,14.249,14.860,12.841,13.177,13.278,14.430,13.879,14.277,12.339,13.328,12.215,12.051,12.516,13.272,12.851,16.693,14.070,13.889,14.320,14.328,13.203,13.449,13.038,14.883,13.644
154,15.038,12.981,13.281,13.773,12.295,14.012,15.054,13.527,13.144,13.340,14.473,13.829,14.233,12.390,13.525,12.342,12.138,12.778,13.409,12.929,16.808,14.108,14.444,14.775,14.772,14.137,13.883,12.746,14.920,13.711
155,15.562,12.782,13.190,14.183,12.407,14.216,15.262,13.556,13.111,13.211,14.572,13.859,14.533,12.175,13.621,12.800,12.375,13.077,13.625,13.072,16.887,14.315,14.459,15.068,15.196,14.463,14.207,12.145,15.032,13.816
156,15.787,12.624,13.123,14.342,12.460,14.685,15.423,13.477,13.311,13.332,15.043,13.750,14.835,11.918,13.741,13.363,12.680,13.032,13.703,13.371,16.990,14.519,14.444,15.213,15.324,14.723,14.681,11.722,15.348,13.828
157,15.308,12.603,12.917,14.832,12.625,14.339,15.650,13.377,13.624,12.953,15.150,14.142,14.968,12.003,13.833,13.502,12.800,12.762,13.843,13.795,17.068,15.337,14.444,15.019,15.257,14.908,14.851,11.777,15.788,14.042
158,15.233,12.994,12.884,15.032,12.625,14.739,16.308,13.175,13.924,12.861,15.329,14.733,14.849,11.996,13.583,13.118,12.664,12.853,14.372,14.080,17.193,16.003,14.444,14.983,14.970,14.693,14.705,12.513,16.265,14.831
159,15.037,13.615,12.798,15.444,12.341,14.626,16.433,12.869,13.903,13.149,15.433,15.275,15.042,11.830,13.649,12.518,12.603,13.268,14.632,14.297,17.622,16.113,14.486,15.128,14.966,14.435,14.679,13.225,16.466,15.107
160,15.233,13.820,12.806,15.155,12.112,14.703,16.231,12.690,14.345,13.549,15.445,15.529,15.038,11.615,13.915,12.320,12.928,13.526,14.987,14.478,17.676,16.820,14.559,15.393,15.064,14.049,15.068,13.372,16.479,14.988
161,15.033,13.669,12.848,15.203,12.112,14.441,16.313,12.840,14.553,14.022,15.371,15.617,15.004,11.503,14.210,12.453,13.122,13.772,15.191,14.576,17.863,17.070,14.725,15.424,15.199,13.928,15.453,13.075,16.683,14.895
162,14.956,13.383,13.048,15.391,12.653,14.157,16.322,13.236,14.757,14.351,15.642,15.433,15.096,11.343,14.442,12.724,12.812,13.391,15.336,14.677,18.288,17.306,14.866,15.465,15.333,14.107,15.638,12.835,16.958,15.009
163,14.780,13.506,13.462,15.291,12.961,14.374,16.080,13.847,14.881,14.697,15.463,15.506,15.278,11.226,14.471,12.991,12.480,13.261,15.318,14.850,18.676,17.273,15.134,15.809,15.641,14.555,15.959,12.877,17.299,15.138
164,14.220,14.137,14.085,15.498,12.955,14.476,15.788,14.136,15.206,14.959,15.133,15.688,15.963,11.607,14.331,13.291,12.299,13.374,15.668,14.951,18.725,17.288,15.346,16.205,16.002,14.993,16.220,12.926,17.574,14.638
165,13.866,14.491,14.403,15.675,13.693,14.750,16.021,14.284,15.572,15.009,15.122,15.680,16.188,11.950,14.402,13.582,12.391,13.522,15.909,14.895,18.501,17.300,15.243,16.485,16.134,15.280,16.410,12.852,17.663,14.813
166,14.160,14.418,14.413,15.836,13.712,15.320,16.180,14.328,15.929,14.809,15.029,15.429,16.550,12.147,14.539,13.658,12.678,13.496,16.194,14.881,18.411,17.390,15.060,16.710,16.113,15.230,16.862,12.546,17.652,15.367
167,14.734,14.457,14.325,15.984,14.167,15.964,16.468,14.499,15.981,14.657,15.042,15.279,16.700,12.546,14.867,13.618,13.046,13.288,16.330,14.933,18.527,17.363,14.818,17.051,16.097,14.845,17.073,12.564,17.773,15.877
168,15.369,14.578,14.018,16.080,14.685,16.346,16.318,14.395,16.233,14.570,15.053,15.371,17.010,12.829,15.226,13.623,13.229,13.232,16.512,14.890,18.489,17.778,14.723,17.227,16.038,14.389,16.866,12.474,18.268,15.967
169,15.977,14.557,14.220,16.138,15.126,16.650,16.284,14.037,16.462,15.162,15.293,15.438,17.025,12.769,15.688,13.676,13.133,13.578,17.047,14.839,18.767,17.778,14.960,17.326,16.343,14.163,16.849,12.284,18.281,16.106
170,16.363,14.506,14.810,16.171,15.335,16.825,16.532,13.858,16.455,15.433,15.482,15.642,16.672,12.404,15.995,14.129,13.063,13.876,17.307,14.943,19.077,17.954,15.275,17.380,16.705,14.043,17.036,12.219,18.065,16.163
171,16.337,15.131,15.133,16.424,15.229,16.765,17.943,14.074,16.492,15.127,15.502,15.775,16.463,12.650,16.219,14.570,13.181,13.970,17.091,15.181,19.478,17.845,15.443,17.448,16.996,14.507,17.018,12.408,17.803,16.358
172,16.285,15.163,15.216,16.586,15.150,16.736,17.372,14.803,16.421,15.670,15.602,15.888,16.400,13.400,16.308,14.657,13.146,14.113,16.715,15.301,19.524,18.114,15.442,17.544,17.176,15.362,16.890,12.850,17.747,16.633
173,16.238,15.021,15.089,16.909,15.015,16.684,16.760,15.470,16.361,15.987,15.973,16.041,16.597,14.053,15.975,14.660,13.456,14.514,16.733,15.429,19.718,18.118,15.628,17.782,17.258,15.998,17.034,13.491,17.832,16.627
174,16.198,15.133,15.182,16.734,15.159,16.662,16.726,16.021,16.369,16.100,16.391,16.235,16.808,14.412,15.840,14.645,13.774,15.265,16.855,15.466,19.774,18.486,15.974,17.582,17.525,16.193,17.235,14.151,17.944,17.219
175,16.452,15.096,15.476,16.522,15.105,16.735,17.031,16.479,16.522,16.264,16.466,16.391,16.671,14.713,15.948,14.541,13.707,15.646,16.783,15.460,20.019,18.459,16.431,17.784,17.723,16.036,18.010,14.694,18.165,17.425
176,16.571,15.033,15.711,16.188,15.042,16.476,16.657,16.755,16.885,16.510,16.388,16.595,16.750,14.510,16.257,14.437,13.909,15.760,16.974,15.508,20.264,18.626,16.911,18.210,17.988,15.804,18.242,14.883,18.473,17.969
177,16.236,15.000,15.850,16.247,15.200,16.843,17.164,16.466,18.106,17.180,16.680,16.922,16.792,14.317,16.508,14.602,14.374,16.047,16.923,15.327,20.398,18.523,17.361,18.337,18.211,15.675,18.228,15.001,18.619,17.912
178,16.262,14.289,16.096,16.480,15.375,17.060,17.256,16.130,18.440,17.400,17.066,17.320,16.810,14.492,16.583,15.030,14.617,16.207,16.964,15.324,20.530,18.339,17.711,18.268,18.471,15.793,18.575,15.232,18.706,17.864
179,15.556,13.272,16.293,16.624,15.500,17.435,17.072,16.032,17.932,17.609,17.119,17.675,16.857,14.619,16.675,15.419,14.403,16.071,17.101,15.314,20.785,18.333,18.022,18.155,18.390,16.210,19.063,15.624,19.105,18.103
180,15.514,15.017,16.482,16.668,15.530,18.028,17.318,15.978,18.144,18.092,16.915,18.265,17.036,14.865,16.738,15.622,14.368,15.850,17.334,15.440,20.986,18.447,18.120,18.241,18.436,16.353,19.445,15.723,19.134,18.209
181,16.033,15.849,16.853,17.160,15.681,18.156,17.968,16.055,18.264,18.575,17.260,18.435,17.604,15.234,16.629,15.735,14.475,15.879,17.769,16.006,21.392,18.446,18.256,18.177,18.506,16.307,19.916,15.928,19.285,18.043
182,16.706,16.138,17.072,17.458,15.859,18.495,17.239,16.078,18.569,18.613,17.498,18.525,17.879,15.479,16.654,15.836,14.586,16.314,18.047,16.446,21.613,18.889,18.388,18.105,18.748,16.867,20.430,16.346,19.454,17.712
183,16.748,16.063,17.056,17.685,15.959,18.600,18.528,16.413,18.486,18.784,17.879,19.079,17.821,15.625,16.975,16.236,14.828,16.475,18.436,16.908,21.744,18.889,18.562,18.204,18.768,17.091,21.053,16.622,19.502,17.746
184,17.343,16.680,17.294,17.902,15.930,18.727,19.697,16.738,18.561,18.873,18.243,19.333,18.121,15.696,17.319,16.519,15.289,17.010,18.548,17.520,21.681,18.889,18.658,18.418,18.823,17.213,21.420,17.027,19.249,17.919
185,17.860,16.532,17.502,17.796,15.990,18.681,19.793,16.743,18.661,19.509,18.422,19.592,18.547,16.004,17.659,16.762,15.556,17.523,18.675,17.896,21.669,18.889,18.901,18.521,18.638,17.588,21.351,17.187,19.228,17.991
186,19.097,16.545,17.980,17.669,16.213,18.731,18.931,16.941,18.706,19.489,18.513,19.867,18.706,16.503,18.333,17.033,15.522,17.586,18.726,18.106,21.663,18.889,19.170,18.491,18.473,18.067,21.373,17.298,19.180,18.056
187,18.431,16.856,18.289,17.777,16.680,18.806,20.140,17.091,18.875,19.554,18.779,20.422,18.804,16.779,18.858,17.213,15.507,17.779,18.765,18.308,21.742,19.109,19.489,18.520,18.522,18.167,21.773,17.381,19.386,18.332
188,18.777,17.172,18.464,18.165,16.588,18.810,20.477,17.506,20.059,19.735,19.551,20.633,19.154,17.180,18.990,17.242,15.813,18.003,18.793,18.371,21.815,19.315,19.768,18.776,18.805,18.335,21.800,17.779,19.584,18.503
189,19.600,17.706,18.587,18.448,17.105,19.027,20.040,17.797,18.700,20.032,19.505,20.759,19.578,17.447,19.215,17.545,16.081,18.118,18.786,18.255,21.935,19.343,19.975,19.268,18.680,18.644,21.790,18.065,19.798,18.931
190,19.569,17.712,18.431,19.099,17.210,19.114,21.340,18.364,19.505,20.257,19.644,20.888,20.079,17.458,19.446,17.982,16.268,18.279,19.008,18.210,21.993,19.464,20.363,19.286,18.705,18.755,21.897,18.290,20.158,19.206
191,19.809,18.088,17.939,19.724,17.501,19.135,21.219,18.752,20.369,20.010,19.755,21.071,20.208,17.731,19.642,18.254,16.466,18.567,19.200,18.268,22.221,19.691,20.471,19.446,18.825,18.566,22.203,18.575,20.419,19.544
192,19.863,18.735,17.614,19.890,18.122,19.555,21.376,18.828,19.899,19.831,19.976,21.592,20.336,17.866,19.850,18.729,16.705,19.036,19.399,18.295,22.178,21.111,20.587,19.922,19.122,18.173,22.035,18.881,20.806,20.086
193,20.062,19.496,17.756,20.238,18.422,19.779,21.086,19.511,19.761,19.956,19.975,21.513,20.508,17.954,19.942,19.033,16.966,19.191,19.878,18.463,22.561,20.067,20.686,20.021,19.435,18.112,21.967,18.850,21.008,20.344
194,19.741,19.498,18.119,20.263,18.504,20.216,21.503,19.581,19.872,20.521,20.002,21.325,20.800,17.936,20.347,19.319,17.081,19.378,20.400,18.990,22.612,20.120,20.792,19.895,19.695,17.568,21.903,19.008,21.178,20.677
195,19.503,19.640,18.573,20.497,18.308,20.258,21.207,19.407,20.413,20.675,20.454,21.348,21.068,18.104,20.322,19.203,17.129,19.575,20.400,19.320,21.977,20.251,21.083,20.157,19.894,17.597,22.000,19.271,21.427,21.047
196,19.678,20.105,18.751,20.641,18.504,20.277,20.737,19.854,20.520,20.790,20.513,21.463,21.261,18.292,20.325,18.970,17.079,19.973,20.524,19.700,21.667,20.432,21.061,20.756,20.392,17.714,21.966,19.530,21.592,21.092
197,20.216,20.145,18.946,20.925,18.546,20.449,21.012,19.700,20.470,20.898,20.628,21.795,21.525,18.507,20.325,19.123,17.077,20.104,20.722,20.013,21.652,20.476,21.233,20.825,20.573,17.820,21.984,19.692,21.646,21.069
198,20.182,20.007,19.464,21.239,18.249,20.485,21.019,19.737,21.166,21.286,20.781,21.746,21.754,18.641,20.637,19.390,17.130,20.414,20.919,20.171,21.784,20.732,21.496,20.738,20.659,18.078,22.336,19.678,21.535,21.512
199,20.703,20.149,19.737,21.477,18.394,20.742,21.033,20.058,21.354,21.644,20.959,21.954,21.694,18.854,20.763,19.431,17.235,20.417,21.088,20.700,21.962,20.918,21.465,20.761,20.901,18.463,22.353,20.001,21.849,21.704
200,21.354,19.920,19.912,21.811,18.994,20.508,20.971,20.308,22.061,21.253,20.966,21.933,21.638,19.090,20.725,19.638,17.556,20.412,21.220,20.825,22.072,20.908,21.469,21.079,20.990,19.010,22.224,20.147,21.878,21.604
201,21.095,19.921,20.048,21.971,18.774,20.621,20.965,20.494,21.942,21.503,20.943,21.717,21.811,19.432,20.808,19.877,17.602,20.800,21.401,21.009,21.952,20.860,21.659,21.145,20.922,19.438,21.975,20.073,21.691,21.557
202,21.679,19.917,19.962,22.177,19.186,20.788,20.980,20.663,22.805,21.418,21.094,21.638,21.793,19.433,20.751,19.938,17.793,20.961,21.449,20.998,22.208,21.003,21.751,21.058,20.718,19.617,21.898,20.169,21.414,21.778
203,22.023,20.013,19.988,22.252,19.686,21.488,21.215,21.192,23.696,21.644,21.315,21.617,21.706,19.571,20.663,19.855,17.907,21.300,21.455,20.977,22.406,21.037,21.693,20.981,20.705,19.999,22.193,20.445,21.560,21.776
204,22.088,20.329,20.000,22.110,19.878,20.529,21.611,21.221,22.830,21.557,21.361,21.658,21.600,19.658,20.621,20.161,17.795,21.271,21.689,20.844,22.693,21.111,21.667,20.995,20.748,20.194,22.194,20.914,21.844,21.647
205,22.050,20.752,20.348,21.998,20.161,20.679,21.574,21.054,22.888,21.453,21.437,21.742,21.571,19.792,21.030,20.310,17.989,21.239,21.750,20.811,22.446,21.111,21.785,21.059,20.813,20.453,22.006,20.923,21.718,22.042
206,22.113,21.225,20.446,22.002,20.357,20.817,21.980,21.104,22.384,21.374,21.432,21.838,21.718,19.638,20.939,20.275,18.442,21.403,21.704,20.740,22.220,21.111,21.997,21.176,21.101,20.553,21.846,20.896,21.657,22.067
207,22.125,21.707,20.388,22.339,20.576,20.683,22.243,21.188,22.247,21.959,21.451,21.963,21.863,19.589,20.852,20.427,18.555,21.423,21.718,20.690,22.204,21.111,22.076,21.322,21.030,20.772,21.763,21.011,22.177,22.041
208,22.084,21.365,20.438,22.552,20.726,20.873,21.963,21.500,22.938,21.584,21.362,21.958,21.979,19.738,20.846,20.680,18.687,21.385,21.749,20.598,22.012,21.111,21.860,21.492,20.913,20.630,21.734,21.152,22.115,21.919
209,22.310,21.625,20.575,22.502,21.106,20.917,21.507,21.517,23.409,22.638,21.396,21.800,21.958,20.020,21.039,20.855,18.888,21.437,21.732,20.706,21.706,21.111,22.103,21.572,21.167,20.606,21.829,21.319,21.872,21.813
210,22.221,21.886,20.550,22.631,21.096,21.292,21.591,21.630,23.481,22.297,21.465,21.914,21.921,20.207,21.275,20.897,19.244,21.707,21.687,20.958,21.289,21.111,22.248,21.628,21.260,20.611,21.843,21.461,21.710,21.731
211,22.350,22.109,20.310,22.498,21.171,21.159,21.578,21.568,23.643,21.980,21.565,22.088,22.125,20.204,21.560,20.665,19.425,21.770,21.581,21.116,21.136,20.954,22.221,21.668,21.305,20.753,21.733,21.635,21.791,21.724
212,22.371,21.955,20.386,22.483,21.071,21.717,21.295,21.580,23.006,21.513,21.675,21.995,22.186,20.022,21.679,20.644,19.450,21.606,21.554,21.295,21.160,21.111,22.138,21.755,21.184,20.923,21.512,21.823,22.097,21.876
213,22.296,21.701,20.492,22.275,21.113,21.388,21.395,21.938,22.406,22.013,21.503,21.490,22.071,20.046,21.767,20.881,19.835,21.576,21.429,21.365,21.375,21.111,22.204,21.720,21.226,21.166,21.604,21.968,21.997,21.861
214,22.159,21.705,20.444,22.175,20.963,21.849,21.089,21.597,22.756,22.347,21.528,21.135,22.060,19.977,21.900,21.084,19.991,21.593,21.315,21.420,21.330,21.283,22.187,21.880,21.353,21.395,21.632,21.865,21.903,21.847
215,22.305,21.588,20.662,22.102,21.125,22.382,21.124,21.697,22.297,22.375,21.536,21.189,21.958,20.004,21.971,21.117,19.996,21.652,21.685,21.450,21.330,21.202,22.236,22.050,21.382,21.653,21.786,21.961,21.908,21.806
216,22.359,21.497,21.017,22.215,21.204,22.463,21.122,21.363,22.351,22.049,21.593,21.338,21.995,19.987,22.090,21.171,20.205,21.603,21.210,21.341,21.298,21.499,22.306,22.069,21.317,21.773,21.853,21.939,21.979,21.774
217,22.263,21.276,21.034,22.744,21.215,21.855,21.490,21.293,22.481,22.587,21.455,21.408,22.092,20.045,22.174,21.180,20.187,21.589,20.971,21.333,21.290,21.667,22.328,21.772,21.319,21.535,21.792,21.915,22.087,21.858
218,22.469,20.976,21.066,22.431,21.342,22.226,21.746,21.172,21.868,22.253,21.401,21.342,22.036,19.963,22.091,21.150,20.468,21.573,21.055,21.254,21.334,21.667,22.343,21.573,21.252,21.478,21.624,21.827,22.218,21.937
219,22.440,20.763,21.146,22.265,21.400,22.188,22.044,21.090,22.251,22.294,21.505,21.429,21.938,20.101,22.006,21.075,20.745,21.550,21.196,21.468,21.243,21.667,22.386,21.578,21.261,21.604,22.001,21.687,22.073,21.810
220,22.086,21.111,21.239,22.244,21.359,22.130,22.446,21.005,22.401,21.974,21.568,21.433,22.000,20.356,21.990,21.152,20.759,21.585,21.351,21.716,21.118,21.667,22.297,21.647,21.337,21.820,21.936,21.520,21.864,21.717
221,21.797,21.111,21.231,22.281,21.353,22.330,22.669,21.136,22.117,22.326,21.522,21.543,22.236,20.343,21.737,21.242,20.813,21.530,21.361,21.850,21.111,21.667,22.190,21.688,21.466,21.680,22.101,21.429,21.632,21.813
222,21.751,21.111,20.897,22.140,21.455,22.243,22.636,20.981,21.903,22.279,21.380,21.807,22.103,20.215,21.316,21.134,20.805,21.780,21.288,21.643,21.111,21.667,22.230,21.712,21.536,21.543,21.950,21.503,21.698,22.023
223,21.686,21.111,21.047,22.602,21.380,22.088,22.963,20.973,22.215,21.869,21.359,21.845,21.925,20.411,21.311,21.058,20.824,21.755,21.289,21.571,21.111,21.667,22.304,21.741,21.540,21.341,21.750,21.504,21.814,22.044
224,21.646,21.111,21.231,22.547,21.471,21.893,23.243,21.280,22.294,22.124,21.463,21.725,21.664,20.450,21.390,21.092,20.775,21.663,21.269,21.474,21.111,21.667,22.284,22.144,21.501,21.242,21.560,21.713,21.887,21.846
225,21.442,21.111,21.092,22.489,21.359,22.209,22.796,21.530,22.624,22.443,22.068,21.442,21.692,20.433,21.429,21.147,20.753,21.545,21.268,21.554,21.098,21.667,22.323,22.163,21.551,21.263,21.745,21.720,21.781,21.820
226,21.310,21.441,21.053,22.852,21.051,21.976,22.951,21.286,22.303,22.493,21.301,21.442,21.698,20.325,21.456,21.075,20.953,21.418,21.223,21.597,21.070,21.667,22.489,22.050,21.536,21.303,21.965,22.063,21.682,22.062
227,21.164,22.343,21.263,22.294,20.757,21.774,23.338,21.198,22.318,22.197,21.076,21.433,21.612,20.390,21.349,20.974,21.068,21.490,21.215,21.645,21.275,21.667,22.520,21.728,21.420,21.187,22.055,21.977,21.681,22.206
228,21.308,21.443,21.137,22.413,20.567,21.653,22.718,21.498,21.343,22.061,20.859,21.379,21.482,20.576,21.212,20.923,21.100,21.540,21.161,21.583,21.760,21.667,22.350,21.633,21.323,20.883,22.075,21.921,21.755,21.801
229,21.117,19.930,21.051,22.360,20.630,21.670,21.226,21.281,21.780,22.281,20.838,21.229,21.642,20.718,21.080,21.028,20.959,21.557,21.147,21.538,21.819,21.667,22.052,21.555,21.469,20.676,22.095,21.762,21.813,21.416
230,20.988,20.079,20.997,22.145,20.594,21.749,21.403,20.675,22.518,21.801,21.293,21.471,21.742,20.802,20.863,21.184,20.829,21.668,21.178,21.639,21.460,21.667,21.927,21.685,21.684,20.808,22.354,21.843,21.798,21.542
231,20.829,20.003,21.035,22.101,20.386,21.325,21.553,20.558,22.226,22.260,21.188,21.259,21.726,20.875,20.788,21.275,20.984,21.711,21.168,21.672,21.162,21.667,22.035,21.657,21.615,20.937,22.629,21.957,22.207,21.418
232,20.731,19.605,20.997,22.003,20.705,21.280,21.786,20.175,21.496,22.596,21.009,21.030,21.623,21.061,20.850,21.518,20.913,21.602,21.219,21.629,20.998,21.667,22.200,21.577,21.528,21.037,22.430,21.935,22.039,21.555
233,21.050,19.484,20.907,21.993,20.455,21.130,21.128,20.231,21.957,22.244,20.938,20.961,21.542,21.600,20.700,21.530,20.759,21.573,21.196,21.689,21.111,21.667,22.143,21.773,21.426,21.204,22.282,21.937,21.998,21.475
234,21.095,19.438,20.918,21.855,20.617,21.051,21.336,20.479,21.619,21.707,20.863,21.017,21.278,21.421,20.855,21.313,20.596,21.700,21.180,21.823,21.353,21.311,22.104,21.569,21.607,21.364,22.059,22.008,21.850,21.481
235,20.925,19.590,20.759,21.763,20.530,20.943,21.175,20.404,21.236,21.325,20.818,21.321,20.905,21.114,20.843,21.205,20.696,21.615,21.133,22.026,21.285,21.154,21.971,21.369,21.694,21.434,21.980,22.013,21.642,21.742
236,21.016,19.384,20.901,21.684,20.330,20.834,20.980,20.033,21.480,21.460,21.055,21.200,20.700,20.817,20.844,21.113,20.896,21.613,21.117,21.759,21.205,21.190,21.880,21.266,21.517,21.445,21.906,21.996,21.506,21.611
237,20.904,19.380,20.743,21.722,20.313,20.859,21.334,20.416,21.606,21.526,21.126,21.121,20.683,20.787,20.611,21.002,20.863,21.363,21.072,21.482,21.153,21.205,21.914,21.239,21.341,21.450,21.813,21.849,21.504,21.456
238,20.837,19.480,20.526,21.588,20.655,20.930,21.092,19.773,21.171,21.251,21.088,20.950,20.685,20.724,20.515,20.842,20.650,21.300,21.145,21.407,20.936,21.195,21.809,21.159,21.235,21.500,21.536,21.714,21.380,21.317
239,20.816,19.518,20.317,21.763,20.490,20.943,20.692,20.087,21.342,20.819,20.909,20.821,20.708,20.704,20.519,20.725,20.692,21.173,21.263,21.371,20.895,21.063,21.538,21.013,21.427,21.488,21.376,21.613,21.251,21.243
240,20.645,19.476,20.444,21.768,20.496,20.896,20.659,20.129,21.454,20.419,20.646,20.842,20.729,20.563,20.534,20.771,20.746,20.895,21.212,21.340,21.093,20.812,21.227,20.746,21.437,21.400,21.338,21.941,21.249,21.043
241,20.343,19.338,20.430,21.609,20.275,20.875,21.471,20.439,21.279,20.373,20.475,20.835,20.598,20.316,20.391,20.696,20.625,20.729,21.067,21.260,21.056,20.996,21.049,20.501,21.348,21.344,21.355,21.788,21.316,20.945
242,20.259,19.368,20.492,21.736,20.342,20.796,21.534,20.116,21.363,20.419,20.846,20.908,20.475,20.168,20.440,20.619,20.650,20.655,21.020,21.218,21.227,20.903,21.047,20.463,21.155,21.297,21.363,21.625,21.541,20.919
243,20.505,19.147,20.496,21.907,20.263,20.517,20.913,20.341,21.308,20.577,21.065,20.931,20.293,20.108,20.433,20.444,20.775,20.795,21.136,21.296,21.159,20.913,21.059,20.481,21.149,21.187,21.316,21.333,21.526,20.827
244,20.768,18.942,20.826,22.561,20.133,20.267,20.648,20.470,21.596,20.840,20.790,20.761,20.332,20.168,20.413,20.207,20.559,20.727,21.167,21.423,21.170,20.775,21.061,20.474,21.240,21.179,21.247,21.103,21.335,20.713
245,20.182,18.605,20.554,22.690,19.967,20.167,20.963,20.466,21.692,20.556,20.455,20.468,20.319,20.183,20.438,20.028,20.156,20.494,21.196,21.196,20.991,20.580,21.037,20.475,21.263,21.051,,,20.967,20.499
246,20.474,18.736,20.620,22.634,19.571,20.154,21.088,20.370,21.488,20.461,20.217,20.208,20.397,20.066,20.371,19.878,19.988,20.385,21.224,20.871,20.836,20.578,21.055,20.355,21.286,20.981,,,20.662,20.397
247,20.078,18.233,20.628,22.869,19.558,20.013,21.121,20.247,21.908,20.477,20.252,20.038,20.525,19.708,20.738,19.686,19.900,20.370,21.215,20.928,20.665,20.728,21.049,20.248,21.392,20.875,,,20.714,20.338
248,20.413,17.700,20.679,22.736,19.479,19.917,20.879,20.266,22.373,20.348,20.300,20.113,20.478,19.450,20.617,19.524,19.875,20.349,21.225,20.875,20.556,20.695,21.033,,21.495,20.795,,,20.841,20.776
249,20.582,17.312,20.705,22.236,19.388,19.746,20.713,20.083,21.902,20.281,20.373,20.170,20.521,19.329,20.430,19.500,19.767,20.403,21.243,20.792,20.556,20.444,21.013,,21.478,20.799,,,20.901,20.690
250,20.478,18.272,20.704,22.374,19.391,19.527,20.654,19.841,20.781,20.227,20.168,20.188,20.688,19.406,20.196,19.571,19.579,20.461,21.682,20.720,20.150,20.207,21.046,,21.432,20.900,,,20.867,20.663
251,20.649,19.444,20.679,21.700,19.410,19.433,20.592,19.683,20.698,20.136,19.823,20.190,20.663,19.433,19.950,19.454,19.621,20.327,21.543,20.641,20.027,20.000,20.975,,21.397,21.049,,,,20.617
252,20.882,19.167,20.775,21.075,19.368,19.022,20.500,19.879,20.690,20.031,19.958,19.958,20.533,19.247,19.817,19.429,19.820,20.242,21.400,20.540,20.000,20.000,20.821,,21.412,20.848,,,,20.568
253,20.338,17.404,20.827,20.905,19.301,18.925,20.500,19.691,20.494,19.850,19.688,20.206,20.390,19.113,19.742,20.000,19.933,20.182,21.121,20.636,19.710,20.000,20.999,,21.411,20.689,,,,20.526
254,20.416,17.716,20.596,21.073,19.493,18.826,20.404,19.383,20.238,19.961,19.722,20.231,20.251,19.067,19.751,20.000,19.989,20.195,21.017,20.557,19.664,20.000,21.001,,21.173,,,,,20.667
255,20.999,17.512,20.563,20.996,19.310,18.768,20.381,19.718,20.104,19.730,19.714,20.138,20.071,19.076,19.717,20.000,20.029,20.121,21.113,20.363,19.444,20.000,20.983,,21.120,,,,,20.599
256,21.407,17.280,20.483,20.886,19.207,18.972,20.425,19.868,20.163,19.621,19.590,19.883,19.908,19.008,19.775,20.000,20.003,19.925,21.188,20.138,19.444,20.000,20.877,,,,,,,20.591
257,21.541,16.747,20.438,20.967,19.328,19.204,20.569,19.557,19.883,19.450,19.341,19.558,19.763,18.933,19.798,20.000,20.055,19.758,21.195,19.800,19.444,20.000,20.801,,,,,,,20.557
258,21.328,16.738,20.238,21.021,19.420,18.991,20.641,19.641,19.833,19.159,19.031,19.496,19.705,18.767,20.027,18.889,19.444,19.414,21.113,19.530,19.444,20.000,,,,,,,,20.448
259,20.887,16.640,19.848,21.192,19.387,18.544,20.147,19.116,19.542,18.930,18.973,19.366,19.762,18.574,20.036,18.889,19.444,19.256,21.047,19.406,19.444,20.000,,,,,,,,20.167
260,20.557,16.528,19.620,21.075,19.372,18.848,19.897,19.149,19.463,18.590,19.019,19.258,19.792,18.483,20.037,18.333,19.444,19.194,21.388,19.452,19.444,20.000,,,,,,,,19.983
261,20.620,16.511,19.525,20.913,19.315,19.044,19.718,19.062,19.379,18.281,19.014,19.155,19.688,18.469,20.049,17.778,19.444,19.156,21.240,19.402,19.444,18.889,,,,,,,,19.900
262,20.628,16.321,19.496,20.813,19.319,19.048,19.726,18.954,17.626,18.035,19.019,18.992,19.539,18.482,20.033,17.778,19.444,19.155,21.157,19.358,19.444,18.889,,,,,,,,
263,20.862,16.086,19.499,20.846,19.315,19.462,19.795,18.933,19.192,17.891,18.954,18.693,19.423,18.440,19.917,17.778,19.444,19.118,20.931,19.342,19.444,18.889,,,,,,,,
264,20.837,15.972,19.657,20.746,19.274,19.254,19.837,18.826,19.156,17.786,18.830,18.485,19.175,18.249,19.855,17.778,19.444,18.990,20.340,19.287,19.444,18.889,,,,,,,,
265,20.458,17.778,19.970,20.679,19.365,18.686,19.866,18.551,19.065,17.681,18.620,18.185,18.925,18.208,19.860,17.778,19.444,18.869,20.048,19.275,18.889,18.889,,,,,,,,
266,20.088,16.026,19.949,20.604,19.236,18.099,19.816,18.443,18.836,17.669,18.508,18.000,18.641,18.147,19.798,17.222,19.444,18.826,19.929,18.889,18.889,18.889,,,,,,,,
267,19.986,15.477,20.078,20.571,18.994,18.021,19.816,18.419,19.061,17.612,18.408,17.871,18.488,18.121,19.691,17.222,19.444,18.788,19.807,18.889,18.889,18.333,,,,,,,,
268,19.779,17.500,20.112,20.554,18.774,17.656,19.507,18.211,18.940,17.636,18.341,17.633,18.363,18.141,19.535,17.222,19.444,18.732,19.646,18.889,18.889,18.333,,,,,,,,
269,19.580,17.222,19.912,20.471,18.474,17.381,19.266,18.115,19.028,17.762,18.245,17.602,,17.983,19.414,17.222,19.444,18.684,19.444,18.889,18.889,17.778,,,,,,,,
270,18.333,16.944,19.657,20.525,18.293,17.158,19.232,18.058,19.207,17.832,18.183,17.609,,17.663,19.391,17.222,19.444,18.597,18.889,18.889,18.889,17.778,,,,,,,,
271,18.333,16.111,19.495,20.496,18.073,17.066,19.137,17.919,19.136,17.907,18.120,,,17.371,19.420,17.222,18.889,18.570,18.889,18.889,18.333,17.778,,,,,,,,
272,18.333,16.111,19.341,20.429,17.865,17.116,19.078,17.781,19.181,17.970,17.918,,,17.216,19.250,17.222,18.889,18.505,18.889,18.889,18.333,17.778,,,,,,,,
273,18.333,16.389,19.324,20.388,17.611,17.034,19.081,17.544,18.903,18.058,17.860,,,17.229,18.977,17.222,18.889,18.471,18.889,18.889,17.778,17.778,,,,,,,,
274,18.333,16.111,19.249,20.371,17.486,17.091,18.938,17.331,18.878,17.683,17.806,,,17.297,18.799,17.222,18.889,18.440,18.889,18.889,17.778,17.778,,,,,,,,
275,18.056,16.111,19.157,20.188,17.373,17.170,18.938,17.110,18.774,17.754,17.606,,,17.390,18.889,17.222,18.889,18.445,18.889,18.333,17.778,17.778,,,,,,,18.017,
276,17.778,16.111,18.920,19.894,17.194,17.191,18.778,16.964,18.731,17.758,17.439,,,17.352,18.889,17.778,18.889,18.395,18.333,18.333,17.778,17.778,,,,,,,17.911,
277,17.778,16.111,18.654,19.650,17.102,17.212,18.674,16.843,18.607,17.671,17.253,,,17.349,18.889,17.222,18.333,18.318,18.333,18.333,17.778,17.778,,,,,,,17.822,
278,17.778,16.111,18.312,19.380,16.985,17.199,18.338,16.668,18.553,17.833,17.147,,,17.319,18.889,17.222,18.333,18.226,18.333,18.333,17.778,17.778,,,,,,,17.850,
279,17.778,16.111,17.976,19.084,16.883,17.218,18.123,16.597,18.555,17.604,17.065,,,17.234,17.778,17.222,18.333,17.778,16.667,17.778,17.778,17.778,,,,,,,17.956,
280,17.778,16.111,17.596,18.940,16.720,16.976,17.985,16.557,18.267,17.335,16.791,,,17.143,17.222,17.778,18.333,17.778,16.667,17.778,17.778,17.778,,,,,,,18.017,
281,17.778,16.111,17.194,18.884,16.580,16.814,17.831,16.511,18.175,17.371,16.703,,,17.127,17.222,17.778,17.778,17.778,16.667,17.778,17.778,17.222,,,,,,,18.128,
282,17.778,16.111,16.931,18.689,16.483,16.722,17.569,16.446,17.986,17.255,16.623,,,17.010,17.222,17.222,17.778,17.222,16.667,17.778,17.778,17.222,,,,,,,18.111,
283,17.778,16.111,16.650,18.495,16.380,16.618,17.356,16.409,17.798,17.093,16.667,,,,16.667,17.222,17.778,17.222,16.667,17.778,17.222,17.222,,,,,,,18.006,
284,17.778,16.667,16.476,18.334,16.376,16.589,17.135,16.292,17.579,17.004,16.346,,,,16.667,17.222,17.222,17.222,,17.778,17.222,17.222,,,,,,,17.900,
285,17.778,16.389,16.276,18.178,16.301,16.455,16.872,16.150,17.285,16.953,16.315,,,,16.667,17.222,17.222,17.222,,17.778,17.222,17.222,,,,,,,17.800,
286,17.778,16.389,16.226,17.944,16.213,16.388,16.650,16.109,16.998,16.890,16.250,,,,16.667,17.222,17.222,16.667,,17.778,17.222,17.222,,,,,,,17.700,
287,17.500,16.389,16.232,17.961,16.168,16.344,16.413,15.917,16.869,16.822,16.199,,,,16.667,17.222,17.222,16.667,,17.778,17.222,17.222,,,,,,,17.606,
288,16.944,16.389,16.151,17.778,16.001,16.238,16.275,15.755,16.648,16.829,16.111,,,,16.667,16.667,17.222,16.111,,17.778,17.222,16.111,,,,,,,17.600,
289,16.667,16.389,16.076,17.222,15.806,16.150,16.121,15.596,16.469,16.753,16.111,,,,16.667,16.667,17.222,16.111,,17.222,17.222,16.111,,,,,,,17.483,
290,16.389,16.389,15.880,16.967,15.732,16.075,15.934,15.430,16.224,16.603,16.000,,,,16.667,16.667,17.222,16.111,,17.222,17.222,15.556,,,,,,,17.333,
291,15.833,15.833,15.786,16.751,15.599,16.000,15.767,15.290,16.149,16.528,15.980,,,,16.667,16.111,16.667,16.111,15.600,17.222,17.222,15.556,,,,,,,17.200,
292,15.556,15.556,15.707,16.511,15.371,15.955,15.636,15.190,15.982,16.326,15.922,,,,16.667,16.111,16.667,16.111,15.556,11.667,17.222,15.556,,,,,,,17.106,
293,15.556,15.556,15.584,16.262,15.180,15.863,15.567,15.117,16.049,16.086,15.913,,,,16.667,16.111,16.111,16.111,15.556,16.667,17.222,15.000,,,,,,,17.106,
294,15.556,15.000,15.442,16.085,14.954,15.740,15.471,15.063,16.069,15.915,16.104,,,,16.111,16.111,16.111,15.556,15.556,16.667,17.222,15.000,,,,,,,17.000,
295,15.278,14.722,15.334,15.882,14.804,15.563,15.294,14.992,16.287,15.775,15.818,,,,15.000,16.111,16.111,15.556,15.556,16.667,16.667,15.000,,,,,,,16.972,
296,15.000,14.444,15.171,15.686,14.704,15.396,14.975,14.892,15.879,15.594,15.725,,,,15.000,,16.111,15.556,15.000,16.667,16.667,15.000,,,,,,,16.872,
297,15.000,14.444,14.955,15.450,14.662,15.231,14.733,14.695,15.852,15.336,15.673,,,,15.000,15.556,16.111,15.556,15.000,16.111,16.667,15.000,,,,,,,16.678,
298,14.722,14.444,14.659,15.325,14.535,15.054,14.545,14.541,15.773,15.031,15.598,,,,15.000,15.556,16.111,15.556,15.000,16.111,16.667,15.000,,,,,,,16.461,
299,14.444,14.167,14.379,15.160,14.420,14.835,14.470,14.368,15.730,14.774,15.524,,,,15.000,15.556,15.556,15.556,15.000,16.111,16.667,15.000,,,,,,,16.156,
300,14.167,13.889,14.116,14.979,14.157,14.606,14.350,14.124,15.680,14.492,15.365,,,,15.000,15.556,15.556,15.000,14.444,15.556,16.111,15.000,,,,,,,15.861,
301,13.889,13.889,13.950,14.870,13.869,14.408,14.220,14.020,15.650,14.352,15.228,,,,15.000,14.444,15.556,15.000,14.444,15.556,16.111,15.000,,,,,,,15.583,
302,13.889,13.889,13.804,14.729,13.611,14.212,14.045,13.722,15.494,14.176,15.018,,,,15.000,14.444,15.556,14.444,14.444,15.556,16.111,15.000,,,,,,,15.371,
303,13.889,13.333,13.587,14.558,13.532,13.964,13.816,13.172,14.904,14.070,14.796,,,,15.000,14.444,15.000,14.444,13.889,15.556,16.111,15.000,,,,,,,15.071,
304,13.611,13.333,13.390,14.462,13.378,13.891,13.559,12.818,14.350,13.929,14.633,,,,15.000,14.444,,14.444,13.889,15.556,16.111,14.444,,,,,,,14.759,
305,13.333,13.056,13.257,14.347,13.106,13.603,13.389,12.507,13.973,13.745,14.501,,,,13.889,13.889,15.000,14.444,13.889,15.556,16.111,14.444,,,,,,,14.418,
306,12.778,12.778,13.082,14.158,12.932,13.474,12.778,12.101,13.670,13.529,14.325,,,,14.444,13.889,15.000,17.778,13.889,15.556,15.556,14.444,,,,,,,14.141,
307,12.778,12.778,12.903,13.945,12.794,13.276,12.778,11.789,13.333,13.408,14.071,,,,13.333,13.889,14.444,17.778,13.889,15.000,15.556,14.444,,,,,,,13.959,
308,12.222,12.778,12.816,13.700,12.620,13.059,12.778,11.459,12.950,13.267,13.748,,,,13.333,13.889,13.889,15.000,13.333,14.444,15.556,14.444,,,,,,,13.800,
309,12.222,12.778,12.693,13.508,12.553,12.824,13.165,11.197,12.629,13.104,13.458,,,,13.333,13.889,13.889,15.000,13.333,14.444,15.556,14.444,,,,,,,13.733,
310,11.667,12.222,12.584,13.300,12.416,12.553,13.016,10.968,12.184,12.858,13.200,,,,13.333,13.889,13.333,15.000,13.333,14.444,15.556,14.444,,,,,,,13.672,
311,11.111,12.222,12.497,13.129,12.272,12.354,12.799,10.675,11.784,12.629,12.939,,,,13.333,13.889,13.333,15.000,13.333,14.444,15.556,14.444,,,,,,,13.567,
312,11.111,12.222,12.393,12.987,12.130,12.216,12.637,10.542,11.493,12.425,12.685,,,,13.333,13.333,13.333,15.000,13.333,14.444,15.556,14.444,,,,,,,13.494,
313,11.111,11.667,12.355,12.812,12.059,12.088,12.424,10.438,11.276,12.271,12.435,,,,13.333,13.333,12.778,15.000,13.333,13.889,15.556,13.889,,,,,,,13.378,
314,10.556,11.667,12.263,12.632,12.043,11.980,12.228,10.400,11.059,12.108,12.214,,,,12.778,13.333,12.222,14.444,12.778,13.889,15.556,13.889,,,,,,,13.272,
315,10.556,11.667,12.155,12.426,11.997,11.730,11.988,10.367,10.996,12.028,12.002,,,,12.222,12.778,12.222,13.333,12.778,13.889,15.556,13.889,,,,,,,13.100,
316,10.556,11.111,11.963,12.322,12.001,11.446,11.734,10.434,10.963,11.858,11.804,,,,12.222,12.778,12.222,13.333,12.778,13.889,15.556,13.889,,,,,,,12.861,
317,10.556,11.111,11.669,12.057,12.158,11.242,11.525,10.481,10.842,11.554,11.603,,,,12.222,12.778,11.667,13.333,12.222,13.889,15.000,,,,,,,,12.683,
318,10.556,11.111,11.400,11.890,12.191,11.050,11.350,10.523,10.655,11.588,11.469,,,,12.222,12.778,11.667,13.333,12.222,13.889,15.000,13.333,,,,,,,12.528,
319,10.000,11.111,11.159,11.786,12.118,10.773,11.319,10.556,10.571,11.543,11.329,,,,12.222,12.778,11.667,13.333,12.222,13.889,15.000,13.333,,,,,,,12.400,
320,10.000,11.111,10.884,11.632,12.013,10.506,11.242,10.548,10.555,11.279,11.271,,,,12.222,12.778,10.556,13.333,12.222,13.889,15.000,13.333,,,,,,,12.267,
321,10.000,11.111,10.527,11.517,11.934,10.231,11.192,10.506,10.413,11.338,11.188,,,,12.222,12.778,10.556,13.333,12.222,11.667,15.000,13.333,,,,,,,12.061,
322,10.000,11.111,10.319,11.346,11.843,9.906,11.100,10.402,10.383,11.233,11.025,,,,11.111,11.667,10.556,13.333,12.222,11.667,15.000,12.778,,,,,,,11.889,
323,9.444,11.111,10.046,11.213,11.705,9.554,10.994,10.319,10.338,11.113,10.842,,,,10.556,11.667,10.556,11.111,12.222,11.667,15.000,12.778,,,,,,,11.700,
324,9.444,11.111,9.829,11.092,11.463,9.277,10.917,10.236,10.094,11.021,10.655,,,,10.556,11.111,10.000,11.111,11.667,11.667,13.333,12.778,,,,,,,11.489,
325,9.444,,9.662,10.917,11.147,9.010,10.883,10.150,9.931,10.888,10.475,,,,10.556,11.111,10.000,11.111,11.667,11.667,13.333,12.778,,,,,,,11.283,
326,8.889,10.000,9.554,10.721,10.878,8.737,10.863,10.094,9.704,10.725,10.292,,,,10.556,11.111,10.000,11.111,11.667,11.667,13.333,12.778,,,,,,,11.094,
327,8.889,10.000,9.487,10.477,10.642,8.542,10.721,10.015,9.513,10.629,10.154,,,,10.556,10.556,9.444,11.111,10.556,10.000,12.778,12.222,,,,,,,10.911,
328,8.333,9.444,9.373,10.273,10.544,8.333,10.538,9.919,9.308,10.496,10.017,,,,10.556,10.556,9.444,11.111,9.444,10.000,12.778,12.222,,,,,,,10.767,
329,8.333,9.444,9.219,10.119,10.453,8.208,10.346,9.719,9.100,10.365,9.871,,,,10.556,9.444,8.889,11.111,9.444,8.889,12.222,11.667,,,,,,,10.561,
330,7.778,8.889,8.998,10.031,10.381,8.095,10.133,9.615,8.858,10.254,9.706,,,,10.000,9.444,8.889,,8.889,8.889,12.222,11.111,,,,,,,10.317,
331,7.778,8.889,8.762,9.865,10.123,8.020,9.929,9.486,8.704,10.046,9.505,,,,10.000,9.444,8.889,,8.889,8.889,11.111,11.111,,,,,,,10.072,
332,7.778,8.333,8.662,9.661,9.850,7.916,9.694,9.346,8.545,9.821,9.271,,,,9.444,8.889,,,8.889,8.889,11.111,10.556,,,,,,,9.789,
333,7.778,8.333,8.493,9.467,9.738,7.762,9.498,9.204,8.404,9.617,9.127,,,,9.444,8.889,8.889,,8.889,8.889,10.556,10.556,,,,,,,9.583,
334,7.778,8.333,8.385,9.317,9.688,7.462,9.269,9.050,8.291,9.425,8.962,,,,8.889,8.333,8.889,,8.889,8.889,10.556,10.556,,,,,,,9.372,
335,7.222,7.778,8.189,9.164,9.563,7.238,9.033,8.879,8.176,9.342,8.763,,,,8.889,7.778,8.889,,7.778,8.889,10.556,10.556,,,,,,,9.022,
336,7.222,7.778,8.018,9.019,9.392,7.138,8.904,8.642,8.076,9.142,8.529,,,,8.889,7.778,8.333,,7.778,8.889,10.000,10.556,,,,,,,8.744,
337,7.222,7.778,7.878,8.823,9.129,7.033,8.706,8.370,7.992,8.900,8.328,,,,8.333,7.222,8.333,,7.778,8.889,10.000,10.000,,,,,,,8.467,
338,7.222,7.778,7.787,8.598,8.925,6.968,8.518,8.171,7.889,8.667,8.104,,,,8.333,7.222,8.333,,7.778,7.778,9.444,10.000,,,,,,,8.256,
339,7.222,7.778,7.682,8.344,8.787,6.868,8.331,7.979,7.831,8.404,7.975,,,,8.333,7.222,7.778,,7.778,7.778,9.444,9.444,,,,,,,8.200,
340,7.222,7.778,7.545,8.067,8.645,6.715,8.156,7.812,7.789,8.154,7.804,,,,8.333,7.222,7.778,,7.222,7.778,8.889,9.444,,,,,,,8.194,
341,7.222,7.222,7.380,7.894,8.466,6.594,7.995,7.708,7.703,7.946,7.583,,,,7.222,7.222,7.222,,6.667,7.778,8.889,9.444,,,,,,,8.106,
342,6.667,7.222,7.251,7.656,8.304,6.425,7.895,7.616,7.678,7.796,7.263,,,,7.222,6.667,6.667,,6.667,7.778,8.889,9.444,,,,,,,8.100,
343,6.667,7.222,7.113,7.435,8.141,6.313,7.812,7.525,7.562,7.700,6.950,,,,6.667,6.667,6.667,,5.556,7.778,8.889,8.889,,,,,,,7.972,
344,6.111,6.667,6.922,7.228,7.991,6.213,7.645,7.441,7.345,7.667,6.681,,,,6.667,6.667,6.667,8.333,5.000,7.778,8.889,7.778,,,,,,,7.889,
345,5.556,6.667,6.747,7.051,7.982,6.125,7.562,7.258,7.137,7.631,6.405,,,,6.667,6.111,6.111,8.333,5.926,7.778,8.889,7.778,,,,,,,7.772,
346,5.556,6.667,6.513,6.955,7.918,5.931,7.470,7.224,6.962,7.564,6.138,,,,6.667,6.111,6.111,8.333,5.000,7.778,8.889,7.778,,,,,,,7.608,
347,5.000,6.667,6.318,6.997,7.835,5.627,7.400,7.170,6.793,7.457,5.871,,,,6.111,6.111,6.111,8.333,4.444,7.778,8.889,7.222,,,,,,,7.506,
348,5.000,6.667,6.180,6.938,7.800,5.411,7.362,7.212,6.688,7.332,5.542,,,,6.111,6.111,6.111,8.333,4.444,7.778,8.889,7.222,,,,,,,7.306,
349,5.000,6.111,6.044,6.888,7.753,5.115,7.228,7.128,6.568,7.287,5.279,,,,6.111,6.667,5.556,8.333,3.889,7.222,8.889,6.667,,,,,,,7.261,
350,5.000,,5.987,6.888,7.782,4.804,7.145,7.149,6.430,7.196,4.940,,,,6.111,6.667,5.556,7.222,3.889,7.222,8.889,6.667,,,,,,,7.200,
351,5.000,6.111,5.892,6.762,7.691,4.608,7.019,7.051,6.309,7.063,4.670,,,,5.000,6.667,5.556,7.222,3.889,7.222,8.333,6.667,,,,,,,7.117,
352,5.000,5.556,5.742,6.532,7.562,4.414,6.844,6.955,6.103,6.892,4.444,,,,5.000,6.111,5.556,7.222,3.889,7.222,8.333,6.667,,,,,,,7.100,
353,4.444,5.556,5.644,6.030,7.437,4.239,6.703,6.897,5.980,6.800,4.243,,,,5.000,6.111,5.556,6.667,3.889,7.222,8.333,6.111,,,,,,,7.040,
354,4.444,5.000,5.673,5.494,7.324,4.088,6.505,6.859,5.763,6.733,4.154,,,,5.000,6.111,5.556,6.667,3.889,7.222,8.333,5.556,,,,,,,,
355,4.444,5.000,5.598,5.133,7.206,3.927,6.355,6.818,5.692,6.679,4.100,,,,5.000,5.556,5.556,6.667,3.889,5.556,6.667,5.000,,,,,,,,
356,4.444,5.000,5.352,4.627,7.778,3.860,6.242,6.794,5.575,6.558,4.050,,,,4.444,5.556,5.000,6.667,3.889,5.556,6.667,5.000,,,,,,,,
357,3.889,5.000,5.181,4.037,6.667,3.766,6.117,6.790,5.517,6.438,4.014,,,,4.444,5.000,5.000,6.111,3.889,5.556,6.667,5.000,,,,,,,,
358,3.889,5.000,5.040,3.558,6.667,3.725,6.038,6.657,5.486,6.258,3.933,,,,4.444,5.000,5.000,6.111,4.444,5.556,6.667,4.444,,,,,,,,
359,3.889,4.444,4.944,3.558,6.667,3.708,5.934,6.432,5.411,6.115,3.875,,,,4.444,5.000,5.000,6.111,4.444,5.556,6.667,4.444,,,,,,,,
360,3.889,4.444,4.844,3.678,6.111,3.612,5.886,6.299,5.352,5.924,3.900,,,,4.444,5.000,4.444,5.556,4.444,5.556,6.111,4.444,,,,,,,,
361,4.444,4.444,4.756,3.889,5.888,3.483,5.786,6.165,5.223,5.713,3.973,,,,4.444,4.444,4.444,5.556,4.444,5.556,6.111,4.444,,,,,,,,
362,4.444,4.444,4.713,3.889,5.796,3.435,5.702,6.163,5.198,5.547,4.077,,,,4.444,4.444,4.444,5.556,4.444,5.556,5.556,4.444,,,,,,,,
363,4.444,3.889,4.713,3.816,5.696,3.397,5.598,,5.065,5.305,4.101,,,,4.444,4.444,4.444,5.556,4.444,5.556,5.556,4.444,,,,,,,,
364,4.444,,4.708,3.958,5.596,3.381,5.490,5.951,4.944,5.165,4.061,,,,4.444,4.444,4.444,5.556,4.444,5.556,5.556,3.889,,,,,,,,
365,4.444,3.889,4.596,3.944,5.806,3.393,5.363,6.064,4.838,5.056,3.931,,,,4.444,4.444,4.444,5.556,4.444,5.556,5.556,3.889,,,,,,,,
366,,3.889,,,,3.393,,,,4.931,,,,,,,,5.556,,,,,,,,,,,,
Notes:
1995-2024 Ice Harbor Daily Average Temperature (C)
Generated 03 Feb 2025 10:39:29 PST. DART Columbia Basin Conditions All Years www.cbr.washington.edu/dart/query/basin_conditions_hist.

"DART Data Citation. Columbia River DART, Columbia Basin Research, University of Washington. (2025). Columbia Basin Conditions All Years. Available from https://www.cbr.washington.edu/dart/query/basin_conditions_hist."
